order_id,date,product,category,region,customer_id,units,unit_price,revenue
1001,2024-01-01,Monitor,Electronics,South,C0279,1,13819,13819
1002,2024-01-01,Keyboard,Accessories,East,C0134,3,1548,4644
1003,2024-01-01,Tablet,Electronics,North,C0020,4,18098,72392
1004,2024-01-01,Monitor,Electronics,West,C0228,1,14184,14184
1005,2024-01-01,Keyboard,Accessories,South,C0268,2,1571,3142
1006,2024-01-01,Keyboard,Accessories,West,C0141,2,1454,2908
1007,2024-01-01,Tablet,Electronics,North,C0205,3,17378,52134
1008,2024-01-01,Monitor,Electronics,East,C0098,2,14655,29310
1009,2024-01-02,Phone,Electronics,North,C0132,4,25425,101700
1010,2024-01-02,Laptop,Electronics,West,C0094,1,56101,56101
1011,2024-01-02,Keyboard,Accessories,West,C0117,4,1546,6184
1012,2024-01-02,Monitor,Electronics,South,C0042,3,14255,42765
1013,2024-01-03,Keyboard,Accessories,West,C0212,2,1525,3050
1014,2024-01-04,Tablet,Electronics,East,C0170,4,17948,71792
1015,2024-01-04,Laptop,Electronics,West,C0167,3,55741,167223
1016,2024-01-04,Laptop,Electronics,East,C0010,3,53922,161766
1017,2024-01-04,Tablet,Electronics,South,C0123,2,17486,34972
1018,2024-01-05,Monitor,Electronics,South,C0168,1,14227,14227
1019,2024-01-05,Headphones,Accessories,West,C0122,2,3049,6098
1020,2024-01-05,Tablet,Electronics,West,C0007,2,17401,34802
1021,2024-01-06,Monitor,Electronics,North,C0134,2,14275,28550
1022,2024-01-06,Laptop,Electronics,South,C0190,3,53908,161724
1023,2024-01-06,Headphones,Accessories,South,C0036,2,2876,5752
1024,2024-01-06,Tablet,Electronics,West,C0210,2,18735,37470
1025,2024-01-07,Tablet,Electronics,West,C0061,3,17920,53760
1026,2024-01-07,Keyboard,Accessories,South,C0054,3,1512,4536
1027,2024-01-07,Tablet,Electronics,West,C0216,2,18465,36930
1028,2024-01-07,Headphones,Accessories,South,C0176,1,3038,3038
1029,2024-01-07,Laptop,Electronics,East,C0125,4,52714,210856
1030,2024-01-07,Keyboard,Accessories,North,C0099,1,1499,1499
1031,2024-01-08,Phone,Electronics,West,C0105,2,25203,50406
1032,2024-01-08,Headphones,Accessories,East,C0288,1,2857,2857
1033,2024-01-08,Tablet,Electronics,South,C0025,1,18509,18509
1034,2024-01-09,Monitor,Electronics,South,C0248,2,13330,26660
1035,2024-01-09,Laptop,Electronics,West,C0167,2,53021,106042
1036,2024-01-09,Phone,Electronics,North,C0085,1,25431,25431
1037,2024-01-09,Phone,Electronics,East,C0231,4,25567,102268
1038,2024-01-09,Phone,Electronics,North,C0070,4,26040,104160
1039,2024-01-09,Phone,Electronics,North,C0112,3,25137,75411
1040,2024-01-09,Phone,Electronics,West,C0096,4,25771,103084
1041,2024-01-10,Phone,Electronics,South,C0268,1,26231,26231
1042,2024-01-10,Laptop,Electronics,East,C0269,1,57149,57149
1043,2024-01-10,Laptop,Electronics,East,C0232,1,53988,53988
1044,2024-01-10,Tablet,Electronics,East,C0029,4,17773,71092
1045,2024-01-10,Keyboard,Accessories,East,C0282,1,1464,1464
1046,2024-01-10,Monitor,Electronics,North,C0250,1,13472,13472
1047,2024-01-11,Phone,Electronics,South,C0292,2,25694,51388
1048,2024-01-11,Tablet,Electronics,East,C0005,4,17359,69436
1049,2024-01-11,Phone,Electronics,North,C0204,1,24080,24080
1050,2024-01-11,Monitor,Electronics,North,C0209,4,14009,56036
1051,2024-01-12,Headphones,Accessories,West,C0091,4,2969,11876
1052,2024-01-12,Laptop,Electronics,South,C0287,2,55896,111792
1053,2024-01-12,Headphones,Accessories,South,C0008,2,3127,6254
1054,2024-01-12,Headphones,Accessories,East,C0032,4,3040,12160
1055,2024-01-12,Keyboard,Accessories,North,C0290,1,1488,1488
1056,2024-01-12,Laptop,Electronics,East,C0242,3,57382,172146
1057,2024-01-13,Phone,Electronics,West,C0070,2,25742,51484
1058,2024-01-13,Tablet,Electronics,East,C0261,4,18191,72764
1059,2024-01-13,Keyboard,Accessories,East,C0113,1,1487,1487
1060,2024-01-14,Monitor,Electronics,North,C0179,2,13393,26786
1061,2024-01-14,Tablet,Electronics,North,C0094,2,18584,37168
1062,2024-01-14,Monitor,Electronics,North,C0050,3,14589,43767
1063,2024-01-14,Laptop,Electronics,South,C0035,2,53095,106190
1064,2024-01-14,Headphones,Accessories,North,C0053,1,2867,2867
1065,2024-01-14,Keyboard,Accessories,North,C0205,3,1514,4542
1066,2024-01-14,Keyboard,Accessories,South,C0152,4,1473,5892
1067,2024-01-15,Phone,Electronics,North,C0125,4,25178,100712
1068,2024-01-15,Phone,Electronics,North,C0158,4,24684,98736
1069,2024-01-15,Monitor,Electronics,North,C0016,1,14467,14467
1070,2024-01-15,Tablet,Electronics,West,C0254,4,17278,69112
1071,2024-01-16,Keyboard,Accessories,South,C0080,1,1521,1521
1072,2024-01-16,Laptop,Electronics,North,C0126,1,54878,54878
1073,2024-01-16,Headphones,Accessories,North,C0110,3,2960,8880
1074,2024-01-16,Keyboard,Accessories,South,C0206,1,1482,1482
1075,2024-01-16,Phone,Electronics,South,C0275,3,26122,78366
1076,2024-01-16,Monitor,Electronics,South,C0161,2,13760,27520
1077,2024-01-16,Monitor,Electronics,West,C0242,1,14214,14214
1078,2024-01-16,Headphones,Accessories,East,C0087,1,3040,3040
1079,2024-01-16,Phone,Electronics,East,C0209,3,24256,72768
1080,2024-01-16,Headphones,Accessories,West,C0185,4,2890,11560
1081,2024-01-17,Monitor,Electronics,West,C0179,2,14421,28842
1082,2024-01-17,Tablet,Electronics,West,C0284,4,18531,74124
1083,2024-01-17,Laptop,Electronics,South,C0029,1,55495,55495
1084,2024-01-17,Headphones,Accessories,East,C0170,1,2901,2901
1085,2024-01-18,Keyboard,Accessories,North,C0198,2,1438,2876
1086,2024-01-18,Keyboard,Accessories,South,C0202,1,1541,1541
1087,2024-01-18,Keyboard,Accessories,South,C0229,4,1560,6240
1088,2024-01-18,Headphones,Accessories,South,C0095,3,2959,8877
1089,2024-01-18,Phone,Electronics,North,C0281,1,24119,24119
1090,2024-01-18,Headphones,Accessories,South,C0219,1,2965,2965
1091,2024-01-18,Phone,Electronics,East,C0235,2,26090,52180
1092,2024-01-18,Headphones,Accessories,South,C0296,3,2963,8889
1093,2024-01-19,Laptop,Electronics,East,C0137,1,52318,52318
1094,2024-01-19,Keyboard,Accessories,West,C0138,4,1469,5876
1095,2024-01-19,Phone,Electronics,South,C0276,3,24505,73515
1096,2024-01-19,Keyboard,Accessories,West,C0300,2,1442,2884
1097,2024-01-19,Laptop,Electronics,West,C0252,4,53811,215244
1098,2024-01-19,Laptop,Electronics,North,C0200,1,57745,57745
1099,2024-01-20,Phone,Electronics,North,C0234,4,24108,96432
1100,2024-01-20,Keyboard,Accessories,North,C0197,2,1562,3124
1101,2024-01-20,Monitor,Electronics,North,C0016,1,13308,13308
1102,2024-01-21,Monitor,Electronics,East,C0013,2,14473,28946
1103,2024-01-21,Tablet,Electronics,North,C0152,3,17325,51975
1104,2024-01-21,Headphones,Accessories,East,C0256,1,3039,3039
1105,2024-01-21,Tablet,Electronics,North,C0058,1,18422,18422
1106,2024-01-21,Laptop,Electronics,South,C0295,3,56154,168462
1107,2024-01-21,Keyboard,Accessories,East,C0185,1,1433,1433
1108,2024-01-21,Laptop,Electronics,North,C0213,2,57113,114226
1109,2024-01-22,Tablet,Electronics,West,C0236,3,17925,53775
1110,2024-01-22,Phone,Electronics,East,C0044,2,25181,50362
1111,2024-01-23,Monitor,Electronics,South,C0041,4,13467,53868
1112,2024-01-23,Monitor,Electronics,South,C0129,3,13727,41181
1113,2024-01-23,Keyboard,Accessories,East,C0124,4,1520,6080
1114,2024-01-23,Laptop,Electronics,South,C0177,4,53447,213788
1115,2024-01-23,Headphones,Accessories,South,C0126,2,2861,5722
1116,2024-01-23,Tablet,Electronics,South,C0172,1,17506,17506
1117,2024-01-23,Tablet,Electronics,East,C0195,3,18364,55092
1118,2024-01-23,Headphones,Accessories,East,C0237,1,2945,2945
1119,2024-01-24,Phone,Electronics,South,C0149,2,25843,51686
1120,2024-01-24,Laptop,Electronics,North,C0253,4,52646,210584
1121,2024-01-24,Keyboard,Accessories,North,C0101,3,1467,4401
1122,2024-01-24,Tablet,Electronics,North,C0223,1,17665,17665
1123,2024-01-24,Monitor,Electronics,North,C0257,3,14458,43374
1124,2024-01-24,Tablet,Electronics,South,C0181,1,17377,17377
1125,2024-01-24,Keyboard,Accessories,North,C0288,3,1480,4440
1126,2024-01-24,Laptop,Electronics,West,C0094,2,56497,112994
1127,2024-01-24,Keyboard,Accessories,East,C0117,4,1531,6124
1128,2024-01-24,Monitor,Electronics,East,C0063,3,13315,39945
1129,2024-01-25,Headphones,Accessories,South,C0025,2,2968,5936
1130,2024-01-25,Monitor,Electronics,West,C0141,2,13907,27814
1131,2024-01-25,Monitor,Electronics,North,C0273,1,13553,13553
1132,2024-01-25,Monitor,Electronics,North,C0088,1,13626,13626
1133,2024-01-25,Phone,Electronics,South,C0148,3,25216,75648
1134,2024-01-25,Laptop,Electronics,North,C0254,4,53590,214360
1135,2024-01-25,Monitor,Electronics,East,C0202,2,14209,28418
1136,2024-01-25,Keyboard,Accessories,West,C0110,3,1434,4302
1137,2024-01-26,Headphones,Accessories,South,C0032,3,3009,9027
1138,2024-01-26,Laptop,Electronics,South,C0190,3,57295,171885
1139,2024-01-26,Tablet,Electronics,North,C0058,2,17710,35420
1140,2024-01-26,Phone,Electronics,North,C0135,3,26069,78207
1141,2024-01-26,Tablet,Electronics,South,C0003,3,18177,54531
1142,2024-01-26,Tablet,Electronics,South,C0191,3,18365,55095
1143,2024-01-26,Keyboard,Accessories,West,C0144,4,1518,6072
1144,2024-01-26,Monitor,Electronics,West,C0217,3,14565,43695
1145,2024-01-26,Phone,Electronics,West,C0261,2,25705,51410
1146,2024-01-26,Laptop,Electronics,North,C0133,4,56278,225112
1147,2024-01-27,Phone,Electronics,North,C0147,4,25693,102772
1148,2024-01-27,Monitor,Electronics,West,C0294,2,13951,27902
1149,2024-01-27,Phone,Electronics,South,C0026,3,25734,77202
1150,2024-01-27,Phone,Electronics,East,C0278,2,25755,51510
1151,2024-01-27,Tablet,Electronics,West,C0112,1,17167,17167
1152,2024-01-27,Monitor,Electronics,North,C0203,4,13453,53812
1153,2024-01-27,Keyboard,Accessories,East,C0260,1,1541,1541
1154,2024-01-27,Keyboard,Accessories,East,C0015,2,1545,3090
1155,2024-01-28,Monitor,Electronics,East,C0009,3,14248,42744
1156,2024-01-28,Keyboard,Accessories,South,C0202,3,1559,4677
1157,2024-01-28,Phone,Electronics,North,C0105,3,25882,77646
1158,2024-01-29,Keyboard,Accessories,North,C0216,2,1476,2952
1159,2024-01-29,Tablet,Electronics,West,C0089,3,18898,56694
1160,2024-01-29,Keyboard,Accessories,South,C0173,1,1446,1446
1161,2024-01-29,Phone,Electronics,West,C0179,3,25502,76506
1162,2024-01-29,Laptop,Electronics,South,C0150,1,57284,57284
1163,2024-01-29,Tablet,Electronics,North,C0021,1,17758,17758
1164,2024-01-30,Phone,Electronics,South,C0103,4,25336,101344
1165,2024-01-31,Monitor,Electronics,West,C0223,4,14041,56164
1166,2024-01-31,Phone,Electronics,East,C0090,1,25384,25384
1167,2024-01-31,Monitor,Electronics,North,C0047,1,13751,13751
1168,2024-01-31,Tablet,Electronics,West,C0169,1,17610,17610
1169,2024-01-31,Phone,Electronics,West,C0132,3,25710,77130
1170,2024-01-31,Monitor,Electronics,South,C0203,3,14693,44079
1171,2024-01-31,Phone,Electronics,West,C0237,2,26006,52012
1172,2024-02-01,Monitor,Electronics,South,C0288,4,13350,53400
1173,2024-02-01,Keyboard,Accessories,North,C0074,1,1431,1431
1174,2024-02-01,Headphones,Accessories,North,C0155,2,2987,5974
1175,2024-02-01,Keyboard,Accessories,South,C0034,4,1433,5732
1176,2024-02-01,Headphones,Accessories,South,C0210,4,2868,11472
1177,2024-02-02,Phone,Electronics,North,C0001,1,25907,25907
1178,2024-02-02,Laptop,Electronics,East,C0100,1,54942,54942
1179,2024-02-02,Tablet,Electronics,South,C0253,2,18505,37010
1180,2024-02-02,Headphones,Accessories,South,C0073,3,2947,8841
1181,2024-02-03,Tablet,Electronics,South,C0046,1,18381,18381
1182,2024-02-03,Headphones,Accessories,North,C0276,1,2891,2891
1183,2024-02-03,Laptop,Electronics,North,C0010,4,53286,213144
1184,2024-02-03,Laptop,Electronics,North,C0073,2,55661,111322
1185,2024-02-03,Laptop,Electronics,East,C0255,3,55496,166488
1186,2024-02-04,Headphones,Accessories,East,C0232,4,2899,11596
1187,2024-02-05,Laptop,Electronics,East,C0125,3,53440,160320
1188,2024-02-05,Headphones,Accessories,South,C0009,4,2873,11492
1189,2024-02-05,Keyboard,Accessories,South,C0050,3,1428,4284
1190,2024-02-05,Headphones,Accessories,East,C0222,2,3062,6124
1191,2024-02-05,Keyboard,Accessories,South,C0179,1,1559,1559
1192,2024-02-05,Phone,Electronics,North,C0208,3,24109,72327
1193,2024-02-05,Laptop,Electronics,North,C0298,1,55040,55040
1194,2024-02-05,Phone,Electronics,North,C0298,3,23791,71373
1195,2024-02-05,Headphones,Accessories,East,C0270,3,2888,8664
1196,2024-02-06,Tablet,Electronics,East,C0200,2,17631,35262
1197,2024-02-06,Monitor,Electronics,West,C0179,1,13325,13325
1198,2024-02-06,Laptop,Electronics,North,C0077,4,57056,228224
1199,2024-02-06,Headphones,Accessories,East,C0119,3,3016,9048
1200,2024-02-07,Laptop,Electronics,West,C0123,2,55111,110222
1201,2024-02-07,Monitor,Electronics,North,C0119,3,14546,43638
1202,2024-02-07,Laptop,Electronics,East,C0289,2,53072,106144
1203,2024-02-07,Phone,Electronics,North,C0258,4,24249,96996
1204,2024-02-07,Monitor,Electronics,West,C0141,2,13597,27194
1205,2024-02-07,Monitor,Electronics,East,C0114,3,14530,43590
1206,2024-02-07,Tablet,Electronics,East,C0220,3,18435,55305
1207,2024-02-08,Laptop,Electronics,North,C0007,2,56340,112680
1208,2024-02-08,Phone,Electronics,West,C0216,4,24693,98772
1209,2024-02-08,Monitor,Electronics,West,C0096,3,13852,41556
1210,2024-02-08,Tablet,Electronics,East,C0123,2,18146,36292
1211,2024-02-08,Laptop,Electronics,East,C0141,3,57395,172185
1212,2024-02-08,Laptop,Electronics,North,C0119,2,54325,108650
1213,2024-02-09,Phone,Electronics,North,C0265,3,25634,76902
1214,2024-02-09,Tablet,Electronics,South,C0056,4,17464,69856
1215,2024-02-09,Tablet,Electronics,East,C0078,2,17943,35886
1216,2024-02-09,Laptop,Electronics,North,C0288,1,54898,54898
1217,2024-02-09,Phone,Electronics,East,C0034,4,24989,99956
1218,2024-02-10,Tablet,Electronics,North,C0166,1,17648,17648
1219,2024-02-10,Tablet,Electronics,North,C0186,3,18622,55866
1220,2024-02-10,Tablet,Electronics,East,C0076,1,17398,17398
1221,2024-02-10,Tablet,Electronics,North,C0176,2,18633,37266
1222,2024-02-10,Headphones,Accessories,East,C0112,4,2939,11756
1223,2024-02-10,Monitor,Electronics,South,C0232,1,14364,14364
1224,2024-02-10,Laptop,Electronics,North,C0037,2,57428,114856
1225,2024-02-10,Phone,Electronics,West,C0080,2,24001,48002
1226,2024-02-11,Keyboard,Accessories,South,C0075,3,1505,4515
1227,2024-02-11,Phone,Electronics,North,C0283,1,24153,24153
1228,2024-02-11,Laptop,Electronics,West,C0156,2,56525,113050
1229,2024-02-11,Phone,Electronics,South,C0161,2,25074,50148
1230,2024-02-11,Keyboard,Accessories,South,C0038,2,1445,2890
1231,2024-02-11,Phone,Electronics,West,C0286,4,24955,99820
1232,2024-02-11,Laptop,Electronics,North,C0063,4,55299,221196
1233,2024-02-12,Laptop,Electronics,West,C0183,4,54018,216072
1234,2024-02-12,Laptop,Electronics,South,C0160,3,54452,163356
1235,2024-02-13,Headphones,Accessories,North,C0239,1,2953,2953
1236,2024-02-13,Headphones,Accessories,East,C0239,3,3075,9225
1237,2024-02-13,Keyboard,Accessories,North,C0132,3,1564,4692
1238,2024-02-13,Phone,Electronics,East,C0299,3,23756,71268
1239,2024-02-13,Phone,Electronics,South,C0138,2,23905,47810
1240,2024-02-13,Keyboard,Accessories,North,C0190,4,1448,5792
1241,2024-02-13,Tablet,Electronics,South,C0096,3,18759,56277
1242,2024-02-14,Laptop,Electronics,East,C0013,3,56903,170709
1243,2024-02-14,Monitor,Electronics,South,C0225,3,14549,43647
1244,2024-02-14,Phone,Electronics,West,C0198,4,25079,100316
1245,2024-02-14,Phone,Electronics,South,C0110,3,26119,78357
1246,2024-02-14,Keyboard,Accessories,East,C0169,4,1485,5940
1247,2024-02-14,Laptop,Electronics,East,C0273,3,55049,165147
1248,2024-02-14,Phone,Electronics,South,C0103,2,25368,50736
1249,2024-02-15,Phone,Electronics,East,C0199,3,25389,76167
1250,2024-02-15,Phone,Electronics,North,C0060,4,24566,98264
1251,2024-02-15,Laptop,Electronics,West,C0075,4,56983,227932
1252,2024-02-16,Phone,Electronics,South,C0274,4,25437,101748
1253,2024-02-16,Keyboard,Accessories,North,C0211,3,1506,4518
1254,2024-02-16,Keyboard,Accessories,West,C0077,3,1517,4551
1255,2024-02-17,Headphones,Accessories,South,C0184,4,3113,12452
1256,2024-02-17,Tablet,Electronics,South,C0257,4,18785,75140
1257,2024-02-17,Phone,Electronics,South,C0147,3,25111,75333
1258,2024-02-17,Tablet,Electronics,East,C0074,4,17701,70804
1259,2024-02-17,Tablet,Electronics,West,C0253,2,18763,37526
1260,2024-02-18,Tablet,Electronics,East,C0066,2,17838,35676
1261,2024-02-18,Headphones,Accessories,West,C0051,3,3108,9324
1262,2024-02-18,Tablet,Electronics,North,C0240,2,17705,35410
1263,2024-02-18,Laptop,Electronics,West,C0233,3,53011,159033
1264,2024-02-18,Headphones,Accessories,North,C0300,2,2967,5934
1265,2024-02-18,Phone,Electronics,North,C0127,1,24135,24135
1266,2024-02-18,Tablet,Electronics,East,C0295,2,18779,37558
1267,2024-02-18,Headphones,Accessories,North,C0238,3,2891,8673
1268,2024-02-18,Phone,Electronics,South,C0200,1,25962,25962
1269,2024-02-19,Phone,Electronics,East,C0196,4,25465,101860
1270,2024-02-19,Laptop,Electronics,West,C0155,1,57747,57747
1271,2024-02-19,Laptop,Electronics,North,C0293,1,56253,56253
1272,2024-02-19,Phone,Electronics,South,C0128,1,24903,24903
1273,2024-02-20,Tablet,Electronics,South,C0241,3,18448,55344
1274,2024-02-20,Phone,Electronics,South,C0044,2,25983,51966
1275,2024-02-20,Headphones,Accessories,West,C0047,2,2879,5758
1276,2024-02-20,Phone,Electronics,East,C0016,3,23919,71757
1277,2024-02-20,Phone,Electronics,North,C0233,4,24841,99364
1278,2024-02-20,Laptop,Electronics,North,C0247,3,55837,167511
1279,2024-02-21,Tablet,Electronics,South,C0078,3,18428,55284
1280,2024-02-21,Phone,Electronics,West,C0226,3,25010,75030
1281,2024-02-21,Keyboard,Accessories,South,C0066,2,1480,2960
1282,2024-02-21,Headphones,Accessories,North,C0036,4,3075,12300
1283,2024-02-21,Keyboard,Accessories,North,C0053,1,1451,1451
1284,2024-02-21,Laptop,Electronics,West,C0298,3,54442,163326
1285,2024-02-22,Headphones,Accessories,North,C0087,4,3047,12188
1286,2024-02-22,Phone,Electronics,East,C0166,3,25166,75498
1287,2024-02-22,Tablet,Electronics,West,C0008,2,18379,36758
1288,2024-02-22,Headphones,Accessories,North,C0146,2,3030,6060
1289,2024-02-22,Headphones,Accessories,South,C0228,2,2976,5952
1290,2024-02-22,Laptop,Electronics,West,C0116,1,55337,55337
1291,2024-02-22,Keyboard,Accessories,South,C0095,1,1503,1503
1292,2024-02-23,Laptop,Electronics,North,C0194,4,57170,228680
1293,2024-02-23,Keyboard,Accessories,North,C0141,1,1559,1559
1294,2024-02-23,Keyboard,Accessories,South,C0018,2,1565,3130
1295,2024-02-24,Monitor,Electronics,North,C0127,1,13590,13590
1296,2024-02-24,Headphones,Accessories,North,C0259,3,2890,8670
1297,2024-02-24,Phone,Electronics,South,C0017,1,24652,24652
1298,2024-02-24,Headphones,Accessories,South,C0184,4,2929,11716
1299,2024-02-25,Laptop,Electronics,North,C0037,2,55658,111316
1300,2024-02-25,Phone,Electronics,West,C0246,1,25636,25636
1301,2024-02-25,Keyboard,Accessories,East,C0014,2,1575,3150
1302,2024-02-25,Phone,Electronics,South,C0285,2,24560,49120
1303,2024-02-26,Keyboard,Accessories,East,C0097,3,1444,4332
1304,2024-02-26,Phone,Electronics,North,C0260,4,24008,96032
1305,2024-02-26,Laptop,Electronics,East,C0123,3,54223,162669
1306,2024-02-26,Tablet,Electronics,South,C0279,2,18240,36480
1307,2024-02-26,Keyboard,Accessories,West,C0099,4,1484,5936
1308,2024-02-26,Phone,Electronics,South,C0139,2,25170,50340
1309,2024-02-26,Phone,Electronics,East,C0097,2,25136,50272
1310,2024-02-26,Monitor,Electronics,South,C0029,3,13830,41490
1311,2024-02-27,Headphones,Accessories,West,C0180,1,3128,3128
1312,2024-02-27,Laptop,Electronics,East,C0284,3,52539,157617
1313,2024-02-27,Monitor,Electronics,South,C0174,4,14593,58372
1314,2024-02-27,Monitor,Electronics,North,C0205,4,13354,53416
1315,2024-02-27,Monitor,Electronics,East,C0224,2,13337,26674
1316,2024-02-27,Laptop,Electronics,West,C0140,1,54980,54980
1317,2024-02-28,Monitor,Electronics,West,C0170,4,13822,55288
1318,2024-02-28,Laptop,Electronics,South,C0233,2,53133,106266
1319,2024-02-29,Tablet,Electronics,West,C0170,1,17967,17967
1320,2024-02-29,Headphones,Accessories,West,C0128,4,3032,12128
1321,2024-02-29,Monitor,Electronics,South,C0036,1,13885,13885
1322,2024-02-29,Monitor,Electronics,West,C0086,1,14473,14473
1323,2024-02-29,Keyboard,Accessories,South,C0008,1,1556,1556
1324,2024-02-29,Monitor,Electronics,East,C0208,2,13949,27898
1325,2024-02-29,Headphones,Accessories,North,C0114,1,3050,3050
1326,2024-02-29,Keyboard,Accessories,East,C0139,3,1431,4293
1327,2024-02-29,Monitor,Electronics,East,C0042,2,13600,27200
1328,2024-03-01,Phone,Electronics,West,C0025,1,26186,26186
1329,2024-03-01,Headphones,Accessories,East,C0191,4,3111,12444
1330,2024-03-01,Tablet,Electronics,South,C0011,2,17876,35752
1331,2024-03-01,Phone,Electronics,East,C0288,2,26234,52468
1332,2024-03-02,Phone,Electronics,West,C0036,4,25844,103376
1333,2024-03-02,Phone,Electronics,North,C0047,4,25837,103348
1334,2024-03-02,Keyboard,Accessories,East,C0171,4,1562,6248
1335,2024-03-02,Keyboard,Accessories,South,C0019,4,1492,5968
1336,2024-03-03,Keyboard,Accessories,West,C0250,3,1531,4593
1337,2024-03-03,Laptop,Electronics,West,C0284,2,56882,113764
1338,2024-03-03,Headphones,Accessories,North,C0164,2,3089,6178
1339,2024-03-03,Tablet,Electronics,East,C0292,1,18718,18718
1340,2024-03-03,Tablet,Electronics,East,C0137,2,17969,35938
1341,2024-03-04,Headphones,Accessories,West,C0280,1,2984,2984
1342,2024-03-04,Monitor,Electronics,East,C0048,2,13349,26698
1343,2024-03-04,Monitor,Electronics,North,C0066,4,14666,58664
1344,2024-03-04,Tablet,Electronics,East,C0294,4,18785,75140
1345,2024-03-05,Monitor,Electronics,North,C0171,1,13573,13573
1346,2024-03-05,Tablet,Electronics,West,C0188,3,18067,54201
1347,2024-03-06,Tablet,Electronics,North,C0284,3,17888,53664
1348,2024-03-06,Monitor,Electronics,South,C0163,1,14379,14379
1349,2024-03-06,Tablet,Electronics,North,C0196,1,17677,17677
1350,2024-03-06,Phone,Electronics,East,C0069,4,24837,99348
1351,2024-03-06,Keyboard,Accessories,East,C0282,3,1450,4350
1352,2024-03-06,Keyboard,Accessories,North,C0150,3,1441,4323
1353,2024-03-07,Keyboard,Accessories,East,C0192,3,1459,4377
1354,2024-03-07,Headphones,Accessories,North,C0141,1,3144,3144
1355,2024-03-07,Tablet,Electronics,West,C0019,3,17956,53868
1356,2024-03-07,Keyboard,Accessories,West,C0235,3,1522,4566
1357,2024-03-07,Monitor,Electronics,South,C0257,1,14193,14193
1358,2024-03-07,Keyboard,Accessories,East,C0199,2,1477,2954
1359,2024-03-07,Keyboard,Accessories,East,C0112,3,1569,4707
1360,2024-03-08,Tablet,Electronics,North,C0225,1,18228,18228
1361,2024-03-08,Phone,Electronics,West,C0034,3,24431,73293
1362,2024-03-08,Laptop,Electronics,West,C0060,2,53099,106198
1363,2024-03-08,Tablet,Electronics,South,C0265,1,18053,18053
1364,2024-03-08,Keyboard,Accessories,West,C0053,4,1531,6124
1365,2024-03-08,Keyboard,Accessories,South,C0045,4,1497,5988
1366,2024-03-08,Tablet,Electronics,South,C0039,2,17655,35310
1367,2024-03-09,Tablet,Electronics,West,C0109,2,17533,35066
1368,2024-03-09,Phone,Electronics,North,C0118,2,24919,49838
1369,2024-03-09,Keyboard,Accessories,North,C0095,1,1538,1538
1370,2024-03-09,Phone,Electronics,South,C0132,1,24077,24077
1371,2024-03-09,Keyboard,Accessories,South,C0071,4,1480,5920
1372,2024-03-09,Headphones,Accessories,West,C0150,2,3129,6258
1373,2024-03-09,Headphones,Accessories,East,C0300,3,3110,9330
1374,2024-03-10,Headphones,Accessories,South,C0123,2,2998,5996
1375,2024-03-10,Tablet,Electronics,East,C0251,3,18094,54282
1376,2024-03-10,Monitor,Electronics,North,C0238,1,13615,13615
1377,2024-03-10,Laptop,Electronics,West,C0262,3,57722,173166
1378,2024-03-10,Laptop,Electronics,West,C0121,1,53979,53979
1379,2024-03-10,Keyboard,Accessories,South,C0282,3,1516,4548
1380,2024-03-11,Keyboard,Accessories,North,C0121,4,1567,6268
1381,2024-03-11,Laptop,Electronics,West,C0058,3,55997,167991
1382,2024-03-11,Keyboard,Accessories,North,C0080,4,1547,6188
1383,2024-03-11,Monitor,Electronics,West,C0204,2,13496,26992
1384,2024-03-12,Keyboard,Accessories,South,C0232,3,1541,4623
1385,2024-03-12,Headphones,Accessories,South,C0064,4,3101,12404
1386,2024-03-12,Keyboard,Accessories,North,C0299,2,1511,3022
1387,2024-03-12,Monitor,Electronics,North,C0156,4,13591,54364
1388,2024-03-12,Keyboard,Accessories,West,C0119,1,1438,1438
1389,2024-03-12,Tablet,Electronics,East,C0057,1,17769,17769
1390,2024-03-13,Phone,Electronics,West,C0219,4,24365,97460
1391,2024-03-13,Laptop,Electronics,West,C0141,2,52788,105576
1392,2024-03-13,Laptop,Electronics,North,C0140,2,53270,106540
1393,2024-03-13,Phone,Electronics,South,C0273,1,25740,25740
1394,2024-03-13,Headphones,Accessories,West,C0083,3,2930,8790
1395,2024-03-13,Laptop,Electronics,South,C0284,1,52993,52993
1396,2024-03-13,Headphones,Accessories,South,C0255,2,2917,5834
1397,2024-03-13,Headphones,Accessories,South,C0049,1,2861,2861
1398,2024-03-14,Monitor,Electronics,West,C0186,1,13728,13728
1399,2024-03-14,Headphones,Accessories,West,C0235,1,2888,2888
1400,2024-03-14,Laptop,Electronics,West,C0133,4,56256,225024
1401,2024-03-14,Laptop,Electronics,West,C0224,4,55151,220604
1402,2024-03-14,Laptop,Electronics,West,C0087,3,56371,169113
1403,2024-03-14,Tablet,Electronics,North,C0151,2,17529,35058
1404,2024-03-14,Keyboard,Accessories,East,C0119,4,1512,6048
1405,2024-03-15,Tablet,Electronics,East,C0296,1,17953,17953
1406,2024-03-15,Phone,Electronics,North,C0263,3,24781,74343
1407,2024-03-15,Laptop,Electronics,South,C0115,3,56583,169749
1408,2024-03-15,Headphones,Accessories,West,C0091,4,3115,12460
1409,2024-03-15,Phone,Electronics,West,C0182,1,24592,24592
1410,2024-03-15,Phone,Electronics,East,C0008,4,25824,103296
1411,2024-03-15,Tablet,Electronics,North,C0170,2,18381,36762
1412,2024-03-15,Headphones,Accessories,South,C0105,2,2867,5734
1413,2024-03-15,Keyboard,Accessories,West,C0119,4,1430,5720
1414,2024-03-15,Tablet,Electronics,West,C0225,2,17192,34384
1415,2024-03-15,Headphones,Accessories,South,C0224,1,3110,3110
1416,2024-03-15,Keyboard,Accessories,West,C0160,3,1457,4371
1417,2024-03-16,Tablet,Electronics,West,C0191,1,18378,18378
1418,2024-03-16,Tablet,Electronics,East,C0143,1,18057,18057
1419,2024-03-16,Laptop,Electronics,South,C0061,2,55772,111544
1420,2024-03-17,Phone,Electronics,North,C0037,1,23975,23975
1421,2024-03-17,Tablet,Electronics,North,C0023,1,18882,18882
1422,2024-03-17,Laptop,Electronics,North,C0175,3,56800,170400
1423,2024-03-17,Laptop,Electronics,West,C0265,2,55720,111440
1424,2024-03-17,Phone,Electronics,East,C0214,4,25055,100220
1425,2024-03-17,Tablet,Electronics,South,C0141,1,17723,17723
1426,2024-03-17,Laptop,Electronics,North,C0079,4,56631,226524
1427,2024-03-17,Tablet,Electronics,North,C0253,4,17543,70172
1428,2024-03-17,Keyboard,Accessories,South,C0257,3,1528,4584
1429,2024-03-18,Tablet,Electronics,East,C0089,1,18738,18738
1430,2024-03-18,Monitor,Electronics,East,C0167,2,13706,27412
1431,2024-03-18,Phone,Electronics,East,C0188,1,25276,25276
1432,2024-03-19,Keyboard,Accessories,South,C0027,2,1486,2972
1433,2024-03-19,Monitor,Electronics,North,C0223,4,13917,55668
1434,2024-03-19,Keyboard,Accessories,North,C0164,2,1549,3098
1435,2024-03-19,Laptop,Electronics,West,C0150,3,54849,164547
1436,2024-03-20,Keyboard,Accessories,South,C0149,2,1563,3126
1437,2024-03-20,Headphones,Accessories,South,C0136,3,3139,9417
1438,2024-03-20,Headphones,Accessories,North,C0029,1,2915,2915
1439,2024-03-20,Headphones,Accessories,North,C0231,2,2980,5960
1440,2024-03-20,Headphones,Accessories,East,C0171,1,2860,2860
1441,2024-03-20,Monitor,Electronics,North,C0051,4,14618,58472
1442,2024-03-20,Tablet,Electronics,East,C0193,2,17687,35374
1443,2024-03-21,Tablet,Electronics,South,C0175,3,17573,52719
1444,2024-03-21,Keyboard,Accessories,West,C0159,1,1574,1574
1445,2024-03-21,Tablet,Electronics,East,C0280,2,18648,37296
1446,2024-03-21,Phone,Electronics,North,C0250,3,25071,75213
1447,2024-03-21,Phone,Electronics,South,C0296,1,24850,24850
1448,2024-03-21,Tablet,Electronics,West,C0240,3,18731,56193
1449,2024-03-21,Monitor,Electronics,South,C0165,3,13749,41247
1450,2024-03-21,Laptop,Electronics,East,C0192,3,55030,165090
1451,2024-03-21,Tablet,Electronics,South,C0101,4,18449,73796
1452,2024-03-22,Laptop,Electronics,North,C0167,4,56426,225704
1453,2024-03-22,Phone,Electronics,North,C0054,1,24541,24541
1454,2024-03-22,Phone,Electronics,East,C0020,3,24438,73314
1455,2024-03-22,Laptop,Electronics,North,C0007,4,55450,221800
1456,2024-03-23,Tablet,Electronics,West,C0004,1,18707,18707
1457,2024-03-23,Headphones,Accessories,North,C0165,2,3121,6242
1458,2024-03-23,Keyboard,Accessories,North,C0198,4,1455,5820
1459,2024-03-23,Laptop,Electronics,East,C0286,4,55547,222188
1460,2024-03-23,Monitor,Electronics,South,C0144,4,13720,54880
1461,2024-03-24,Laptop,Electronics,South,C0006,2,56163,112326
1462,2024-03-24,Phone,Electronics,South,C0184,1,25360,25360
1463,2024-03-25,Phone,Electronics,North,C0137,3,24309,72927
1464,2024-03-25,Laptop,Electronics,South,C0248,1,53222,53222
1465,2024-03-25,Headphones,Accessories,West,C0279,3,2910,8730
1466,2024-03-25,Headphones,Accessories,North,C0286,3,3127,9381
1467,2024-03-25,Headphones,Accessories,North,C0292,3,3079,9237
1468,2024-03-25,Phone,Electronics,West,C0166,1,26177,26177
1469,2024-03-26,Headphones,Accessories,East,C0219,3,2873,8619
1470,2024-03-26,Phone,Electronics,West,C0153,3,24931,74793
1471,2024-03-26,Headphones,Accessories,South,C0220,1,3141,3141
1472,2024-03-26,Laptop,Electronics,South,C0066,2,53211,106422
1473,2024-03-26,Keyboard,Accessories,South,C0221,3,1566,4698
1474,2024-03-26,Laptop,Electronics,North,C0114,3,56978,170934
1475,2024-03-27,Tablet,Electronics,North,C0102,4,18314,73256
1476,2024-03-27,Phone,Electronics,North,C0227,4,24938,99752
1477,2024-03-27,Laptop,Electronics,South,C0254,1,54093,54093
1478,2024-03-27,Keyboard,Accessories,East,C0134,1,1551,1551
1479,2024-03-27,Keyboard,Accessories,West,C0035,1,1523,1523
1480,2024-03-27,Tablet,Electronics,West,C0043,2,17981,35962
1481,2024-03-27,Phone,Electronics,North,C0015,1,25469,25469
1482,2024-03-28,Phone,Electronics,South,C0185,3,23830,71490
1483,2024-03-28,Phone,Electronics,South,C0033,4,25378,101512
1484,2024-03-28,Tablet,Electronics,North,C0137,2,17547,35094
1485,2024-03-28,Phone,Electronics,South,C0114,1,25776,25776
1486,2024-03-29,Keyboard,Accessories,South,C0031,3,1488,4464
1487,2024-03-29,Laptop,Electronics,West,C0007,2,57433,114866
1488,2024-03-29,Monitor,Electronics,East,C0086,4,14369,57476
1489,2024-03-30,Keyboard,Accessories,South,C0005,1,1573,1573
1490,2024-03-30,Laptop,Electronics,South,C0098,3,56885,170655
1491,2024-03-30,Laptop,Electronics,South,C0143,2,57629,115258
1492,2024-03-30,Laptop,Electronics,North,C0284,3,52534,157602
1493,2024-03-30,Monitor,Electronics,South,C0028,1,14006,14006
1494,2024-03-30,Headphones,Accessories,South,C0151,3,3129,9387
1495,2024-03-30,Monitor,Electronics,West,C0152,4,13662,54648
1496,2024-03-31,Keyboard,Accessories,South,C0118,2,1430,2860
1497,2024-03-31,Headphones,Accessories,North,C0055,2,3054,6108
1498,2024-03-31,Headphones,Accessories,East,C0107,3,2929,8787
1499,2024-03-31,Tablet,Electronics,South,C0140,2,18390,36780
1500,2024-03-31,Headphones,Accessories,South,C0172,1,3106,3106
1501,2024-03-31,Phone,Electronics,North,C0103,2,26000,52000
1502,2024-03-31,Keyboard,Accessories,North,C0038,3,1499,4497
1503,2024-04-01,Headphones,Accessories,North,C0160,4,3006,12024
1504,2024-04-01,Keyboard,Accessories,North,C0005,2,1517,3034
1505,2024-04-01,Laptop,Electronics,West,C0012,2,53705,107410
1506,2024-04-01,Monitor,Electronics,North,C0083,2,13636,27272
1507,2024-04-01,Keyboard,Accessories,North,C0058,2,1467,2934
1508,2024-04-01,Monitor,Electronics,South,C0102,4,13839,55356
1509,2024-04-01,Tablet,Electronics,South,C0008,3,17262,51786
1510,2024-04-01,Phone,Electronics,North,C0298,3,25642,76926
1511,2024-04-01,Tablet,Electronics,West,C0160,4,18008,72032
1512,2024-04-02,Monitor,Electronics,West,C0028,1,14378,14378
1513,2024-04-02,Phone,Electronics,East,C0232,3,23835,71505
1514,2024-04-02,Keyboard,Accessories,West,C0258,3,1515,4545
1515,2024-04-02,Tablet,Electronics,North,C0125,4,17597,70388
1516,2024-04-02,Monitor,Electronics,North,C0080,2,13928,27856
1517,2024-04-02,Monitor,Electronics,South,C0264,1,13895,13895
1518,2024-04-02,Phone,Electronics,South,C0128,4,25984,103936
1519,2024-04-02,Keyboard,Accessories,South,C0126,1,1500,1500
1520,2024-04-02,Tablet,Electronics,South,C0046,1,18005,18005
1521,2024-04-02,Keyboard,Accessories,South,C0125,3,1510,4530
1522,2024-04-03,Phone,Electronics,West,C0080,2,25210,50420
1523,2024-04-03,Laptop,Electronics,West,C0170,2,52884,105768
1524,2024-04-03,Tablet,Electronics,East,C0180,2,17206,34412
1525,2024-04-03,Phone,Electronics,West,C0154,3,23919,71757
1526,2024-04-03,Phone,Electronics,South,C0036,2,25407,50814
1527,2024-04-03,Tablet,Electronics,West,C0056,2,18711,37422
1528,2024-04-03,Phone,Electronics,South,C0216,2,25219,50438
1529,2024-04-03,Tablet,Electronics,South,C0032,3,17381,52143
1530,2024-04-04,Headphones,Accessories,West,C0095,2,3134,6268
1531,2024-04-04,Phone,Electronics,South,C0125,3,24881,74643
1532,2024-04-04,Phone,Electronics,North,C0076,4,25996,103984
1533,2024-04-04,Tablet,Electronics,East,C0012,3,17221,51663
1534,2024-04-04,Laptop,Electronics,East,C0197,3,54115,162345
1535,2024-04-04,Tablet,Electronics,North,C0225,4,18810,75240
1536,2024-04-05,Monitor,Electronics,North,C0077,3,13816,41448
1537,2024-04-05,Headphones,Accessories,South,C0079,3,2909,8727
1538,2024-04-05,Phone,Electronics,East,C0104,1,24720,24720
1539,2024-04-05,Keyboard,Accessories,East,C0114,1,1541,1541
1540,2024-04-05,Phone,Electronics,East,C0157,2,26166,52332
1541,2024-04-06,Tablet,Electronics,East,C0226,3,17328,51984
1542,2024-04-06,Laptop,Electronics,East,C0261,4,56229,224916
1543,2024-04-06,Headphones,Accessories,East,C0227,2,3034,6068
1544,2024-04-06,Headphones,Accessories,West,C0011,1,3111,3111
1545,2024-04-06,Laptop,Electronics,East,C0259,1,53439,53439
1546,2024-04-06,Keyboard,Accessories,East,C0057,1,1488,1488
1547,2024-04-06,Monitor,Electronics,South,C0062,2,14285,28570
1548,2024-04-07,Phone,Electronics,West,C0184,3,25520,76560
1549,2024-04-07,Phone,Electronics,South,C0012,3,24498,73494
1550,2024-04-07,Laptop,Electronics,East,C0002,4,52487,209948
1551,2024-04-07,Monitor,Electronics,East,C0227,2,14628,29256
1552,2024-04-08,Headphones,Accessories,West,C0116,2,2874,5748
1553,2024-04-08,Laptop,Electronics,North,C0087,1,54187,54187
1554,2024-04-08,Phone,Electronics,North,C0149,4,25660,102640
1555,2024-04-08,Headphones,Accessories,West,C0021,4,2860,11440
1556,2024-04-08,Laptop,Electronics,South,C0079,2,52692,105384
1557,2024-04-08,Tablet,Electronics,West,C0060,1,17476,17476
1558,2024-04-08,Laptop,Electronics,East,C0175,4,54989,219956
1559,2024-04-09,Headphones,Accessories,North,C0021,3,2901,8703
1560,2024-04-09,Headphones,Accessories,East,C0218,1,2936,2936
1561,2024-04-09,Laptop,Electronics,North,C0251,3,56994,170982
1562,2024-04-09,Laptop,Electronics,North,C0017,4,52381,209524
1563,2024-04-09,Headphones,Accessories,West,C0165,2,2920,5840
1564,2024-04-09,Keyboard,Accessories,South,C0147,4,1544,6176
1565,2024-04-09,Laptop,Electronics,East,C0046,2,57690,115380
1566,2024-04-10,Keyboard,Accessories,South,C0157,2,1480,2960
1567,2024-04-10,Phone,Electronics,South,C0092,3,24567,73701
1568,2024-04-10,Keyboard,Accessories,South,C0045,1,1480,1480
1569,2024-04-10,Keyboard,Accessories,West,C0041,3,1515,4545
1570,2024-04-10,Tablet,Electronics,East,C0072,1,18626,18626
1571,2024-04-10,Tablet,Electronics,North,C0015,1,17116,17116
1572,2024-04-11,Monitor,Electronics,East,C0108,4,14359,57436
1573,2024-04-11,Headphones,Accessories,North,C0298,1,3029,3029
1574,2024-04-11,Monitor,Electronics,South,C0038,3,13565,40695
1575,2024-04-11,Tablet,Electronics,East,C0238,1,18174,18174
1576,2024-04-12,Phone,Electronics,East,C0033,2,24968,49936
1577,2024-04-12,Tablet,Electronics,North,C0021,1,18050,18050
1578,2024-04-12,Monitor,Electronics,West,C0060,1,13473,13473
1579,2024-04-12,Keyboard,Accessories,West,C0271,1,1440,1440
1580,2024-04-12,Monitor,Electronics,East,C0208,1,13396,13396
1581,2024-04-12,Monitor,Electronics,East,C0249,1,14360,14360
1582,2024-04-12,Monitor,Electronics,East,C0097,2,14121,28242
1583,2024-04-12,Monitor,Electronics,East,C0177,1,14640,14640
1584,2024-04-12,Phone,Electronics,East,C0227,3,24843,74529
1585,2024-04-12,Tablet,Electronics,West,C0061,1,17389,17389
1586,2024-04-13,Monitor,Electronics,East,C0198,2,14119,28238
1587,2024-04-13,Headphones,Accessories,East,C0238,2,3042,6084
1588,2024-04-13,Keyboard,Accessories,East,C0182,1,1506,1506
1589,2024-04-13,Keyboard,Accessories,North,C0159,4,1466,5864
1590,2024-04-14,Monitor,Electronics,East,C0134,3,13774,41322
1591,2024-04-14,Monitor,Electronics,West,C0156,2,14313,28626
1592,2024-04-14,Phone,Electronics,South,C0043,4,23876,95504
1593,2024-04-14,Tablet,Electronics,North,C0284,4,17772,71088
1594,2024-04-14,Tablet,Electronics,East,C0032,4,17523,70092
1595,2024-04-14,Phone,Electronics,South,C0116,4,25789,103156
1596,2024-04-14,Monitor,Electronics,West,C0034,3,14424,43272
1597,2024-04-15,Headphones,Accessories,North,C0150,3,3096,9288
1598,2024-04-15,Phone,Electronics,North,C0286,4,25458,101832
1599,2024-04-15,Tablet,Electronics,West,C0016,4,17599,70396
1600,2024-04-15,Headphones,Accessories,West,C0160,1,3131,3131
1601,2024-04-15,Keyboard,Accessories,East,C0126,3,1494,4482
1602,2024-04-15,Monitor,Electronics,North,C0070,3,13435,40305
1603,2024-04-15,Phone,Electronics,West,C0069,1,24115,24115
1604,2024-04-16,Keyboard,Accessories,East,C0046,2,1562,3124
1605,2024-04-16,Monitor,Electronics,West,C0249,4,14563,58252
1606,2024-04-16,Phone,Electronics,East,C0192,3,25300,75900
1607,2024-04-16,Headphones,Accessories,East,C0288,1,2855,2855
1608,2024-04-17,Keyboard,Accessories,East,C0132,1,1501,1501
1609,2024-04-17,Headphones,Accessories,South,C0159,1,2925,2925
1610,2024-04-17,Monitor,Electronics,South,C0052,2,14658,29316
1611,2024-04-18,Monitor,Electronics,North,C0140,2,13667,27334
1612,2024-04-18,Monitor,Electronics,North,C0204,3,14165,42495
1613,2024-04-18,Laptop,Electronics,East,C0182,3,55091,165273
1614,2024-04-18,Phone,Electronics,South,C0030,3,23853,71559
1615,2024-04-18,Tablet,Electronics,East,C0005,2,18892,37784
1616,2024-04-18,Headphones,Accessories,East,C0249,2,3075,6150
1617,2024-04-18,Tablet,Electronics,East,C0210,2,18216,36432
1618,2024-04-19,Phone,Electronics,West,C0059,3,23942,71826
1619,2024-04-19,Tablet,Electronics,North,C0101,4,17901,71604
1620,2024-04-19,Phone,Electronics,North,C0121,1,24878,24878
1621,2024-04-20,Tablet,Electronics,South,C0286,3,18797,56391
1622,2024-04-20,Tablet,Electronics,South,C0138,3,18301,54903
1623,2024-04-20,Keyboard,Accessories,West,C0044,1,1430,1430
1624,2024-04-20,Tablet,Electronics,East,C0200,4,17519,70076
1625,2024-04-20,Laptop,Electronics,South,C0246,4,57127,228508
1626,2024-04-20,Headphones,Accessories,South,C0082,1,3082,3082
1627,2024-04-21,Keyboard,Accessories,East,C0087,1,1476,1476
1628,2024-04-21,Keyboard,Accessories,North,C0149,3,1437,4311
1629,2024-04-21,Keyboard,Accessories,West,C0157,3,1520,4560
1630,2024-04-21,Phone,Electronics,South,C0063,3,24911,74733
1631,2024-04-21,Phone,Electronics,West,C0215,3,24246,72738
1632,2024-04-21,Keyboard,Accessories,West,C0259,2,1511,3022
1633,2024-04-21,Phone,Electronics,South,C0219,2,25954,51908
1634,2024-04-21,Monitor,Electronics,West,C0254,1,14230,14230
1635,2024-04-21,Laptop,Electronics,West,C0245,1,54561,54561
1636,2024-04-21,Tablet,Electronics,East,C0279,4,17915,71660
1637,2024-04-22,Monitor,Electronics,South,C0148,1,13644,13644
1638,2024-04-22,Headphones,Accessories,West,C0022,3,3119,9357
1639,2024-04-22,Keyboard,Accessories,East,C0185,2,1495,2990
1640,2024-04-22,Headphones,Accessories,South,C0142,2,2970,5940
1641,2024-04-22,Phone,Electronics,East,C0142,1,25002,25002
1642,2024-04-23,Keyboard,Accessories,East,C0202,3,1461,4383
1643,2024-04-23,Phone,Electronics,South,C0285,1,25028,25028
1644,2024-04-23,Tablet,Electronics,South,C0297,1,18676,18676
1645,2024-04-23,Tablet,Electronics,West,C0246,4,17399,69596
1646,2024-04-23,Headphones,Accessories,North,C0262,4,2968,11872
1647,2024-04-23,Monitor,Electronics,East,C0117,1,14046,14046
1648,2024-04-23,Keyboard,Accessories,West,C0141,1,1531,1531
1649,2024-04-24,Keyboard,Accessories,North,C0068,4,1554,6216
1650,2024-04-24,Phone,Electronics,East,C0004,2,26227,52454
1651,2024-04-24,Tablet,Electronics,East,C0243,4,18022,72088
1652,2024-04-24,Phone,Electronics,South,C0051,2,24776,49552
1653,2024-04-24,Phone,Electronics,East,C0041,2,25712,51424
1654,2024-04-24,Laptop,Electronics,South,C0001,4,57161,228644
1655,2024-04-25,Laptop,Electronics,East,C0173,1,56137,56137
1656,2024-04-25,Monitor,Electronics,North,C0053,3,14482,43446
1657,2024-04-25,Phone,Electronics,West,C0235,2,24651,49302
1658,2024-04-25,Phone,Electronics,North,C0150,4,24217,96868
1659,2024-04-25,Monitor,Electronics,North,C0218,1,13615,13615
1660,2024-04-26,Headphones,Accessories,South,C0284,3,2872,8616
1661,2024-04-26,Headphones,Accessories,South,C0253,1,3053,3053
1662,2024-04-26,Keyboard,Accessories,West,C0240,2,1449,2898
1663,2024-04-26,Phone,Electronics,West,C0227,1,23872,23872
1664,2024-04-26,Headphones,Accessories,South,C0155,3,3045,9135
1665,2024-04-26,Laptop,Electronics,South,C0036,2,52994,105988
1666,2024-04-26,Keyboard,Accessories,North,C0106,1,1521,1521
1667,2024-04-26,Phone,Electronics,North,C0207,1,25480,25480
1668,2024-04-26,Keyboard,Accessories,East,C0116,2,1565,3130
1669,2024-04-26,Headphones,Accessories,West,C0222,2,2873,5746
1670,2024-04-27,Tablet,Electronics,East,C0074,2,17314,34628
1671,2024-04-27,Headphones,Accessories,South,C0056,4,3069,12276
1672,2024-04-27,Monitor,Electronics,North,C0262,1,13363,13363
1673,2024-04-27,Phone,Electronics,East,C0009,2,23850,47700
1674,2024-04-27,Tablet,Electronics,East,C0180,4,17609,70436
1675,2024-04-27,Phone,Electronics,South,C0087,4,26058,104232
1676,2024-04-27,Keyboard,Accessories,East,C0287,4,1433,5732
1677,2024-04-27,Monitor,Electronics,West,C0140,1,14335,14335
1678,2024-04-27,Phone,Electronics,North,C0221,3,25781,77343
1679,2024-04-28,Headphones,Accessories,South,C0237,1,2864,2864
1680,2024-04-28,Tablet,Electronics,South,C0074,4,17889,71556
1681,2024-04-28,Keyboard,Accessories,North,C0070,4,1513,6052
1682,2024-04-28,Headphones,Accessories,North,C0113,3,3080,9240
1683,2024-04-28,Headphones,Accessories,South,C0245,2,2979,5958
1684,2024-04-28,Tablet,Electronics,South,C0282,2,18464,36928
1685,2024-04-28,Tablet,Electronics,East,C0225,1,17877,17877
1686,2024-04-29,Tablet,Electronics,South,C0124,4,17323,69292
1687,2024-04-29,Headphones,Accessories,East,C0011,1,3129,3129
1688,2024-04-29,Keyboard,Accessories,East,C0007,1,1494,1494
1689,2024-04-29,Tablet,Electronics,North,C0066,4,17313,69252
1690,2024-04-30,Laptop,Electronics,North,C0165,2,52765,105530
1691,2024-04-30,Phone,Electronics,South,C0067,2,25121,50242
1692,2024-04-30,Tablet,Electronics,North,C0033,2,18794,37588
1693,2024-05-01,Tablet,Electronics,West,C0187,4,17467,69868
1694,2024-05-01,Headphones,Accessories,South,C0280,2,2965,5930
1695,2024-05-01,Phone,Electronics,North,C0114,2,26243,52486
1696,2024-05-01,Keyboard,Accessories,East,C0018,3,1570,4710
1697,2024-05-01,Tablet,Electronics,West,C0212,3,18122,54366
1698,2024-05-01,Monitor,Electronics,North,C0203,1,14047,14047
1699,2024-05-02,Phone,Electronics,East,C0003,3,26248,78744
1700,2024-05-02,Monitor,Electronics,North,C0018,3,14244,42732
1701,2024-05-02,Phone,Electronics,East,C0177,2,25460,50920
1702,2024-05-02,Tablet,Electronics,South,C0179,3,18355,55065
1703,2024-05-03,Monitor,Electronics,North,C0296,1,13316,13316
1704,2024-05-03,Monitor,Electronics,North,C0051,4,14441,57764
1705,2024-05-03,Headphones,Accessories,South,C0098,1,2975,2975
1706,2024-05-03,Headphones,Accessories,West,C0263,3,3137,9411
1707,2024-05-03,Monitor,Electronics,North,C0045,1,14387,14387
1708,2024-05-03,Tablet,Electronics,West,C0101,1,18032,18032
1709,2024-05-04,Phone,Electronics,North,C0240,1,26035,26035
1710,2024-05-05,Monitor,Electronics,South,C0055,4,14103,56412
1711,2024-05-05,Phone,Electronics,South,C0039,2,25377,50754
1712,2024-05-05,Phone,Electronics,West,C0246,2,25014,50028
1713,2024-05-05,Phone,Electronics,East,C0215,1,25525,25525
1714,2024-05-05,Headphones,Accessories,West,C0084,4,3034,12136
1715,2024-05-06,Keyboard,Accessories,North,C0165,4,1434,5736
1716,2024-05-06,Monitor,Electronics,North,C0238,3,14155,42465
1717,2024-05-07,Headphones,Accessories,West,C0074,2,3028,6056
1718,2024-05-07,Phone,Electronics,East,C0233,2,23961,47922
1719,2024-05-07,Headphones,Accessories,East,C0024,2,2883,5766
1720,2024-05-07,Keyboard,Accessories,West,C0267,2,1469,2938
1721,2024-05-07,Tablet,Electronics,West,C0084,3,18357,55071
1722,2024-05-07,Monitor,Electronics,East,C0028,1,14627,14627
1723,2024-05-07,Headphones,Accessories,South,C0118,2,2920,5840
1724,2024-05-07,Tablet,Electronics,East,C0172,1,17954,17954
1725,2024-05-08,Tablet,Electronics,West,C0077,2,17216,34432
1726,2024-05-08,Tablet,Electronics,North,C0212,1,18874,18874
1727,2024-05-08,Keyboard,Accessories,East,C0056,2,1426,2852
1728,2024-05-08,Headphones,Accessories,East,C0278,1,2964,2964
1729,2024-05-08,Keyboard,Accessories,West,C0225,2,1492,2984
1730,2024-05-09,Laptop,Electronics,West,C0149,4,55630,222520
1731,2024-05-09,Tablet,Electronics,East,C0065,4,17373,69492
1732,2024-05-09,Headphones,Accessories,South,C0133,4,3029,12116
1733,2024-05-09,Laptop,Electronics,North,C0113,2,57105,114210
1734,2024-05-09,Laptop,Electronics,South,C0055,3,54503,163509
1735,2024-05-09,Laptop,Electronics,East,C0005,2,54717,109434
1736,2024-05-09,Headphones,Accessories,West,C0218,3,3095,9285
1737,2024-05-10,Phone,Electronics,East,C0229,4,25702,102808
1738,2024-05-10,Headphones,Accessories,South,C0137,2,2912,5824
1739,2024-05-10,Keyboard,Accessories,East,C0263,2,1563,3126
1740,2024-05-10,Phone,Electronics,West,C0290,2,25876,51752
1741,2024-05-10,Laptop,Electronics,South,C0026,2,52511,105022
1742,2024-05-10,Phone,Electronics,South,C0051,1,24394,24394
1743,2024-05-10,Monitor,Electronics,West,C0288,1,13574,13574
1744,2024-05-11,Keyboard,Accessories,South,C0197,3,1532,4596
1745,2024-05-11,Laptop,Electronics,South,C0048,1,55728,55728
1746,2024-05-11,Keyboard,Accessories,East,C0082,4,1466,5864
1747,2024-05-11,Headphones,Accessories,North,C0100,4,2950,11800
1748,2024-05-11,Keyboard,Accessories,South,C0058,3,1454,4362
1749,2024-05-11,Phone,Electronics,East,C0207,3,24072,72216
1750,2024-05-11,Keyboard,Accessories,West,C0271,1,1489,1489
1751,2024-05-12,Headphones,Accessories,West,C0018,3,3103,9309
1752,2024-05-12,Laptop,Electronics,West,C0092,1,54321,54321
1753,2024-05-13,Laptop,Electronics,West,C0001,2,53261,106522
1754,2024-05-13,Laptop,Electronics,East,C0038,4,54196,216784
1755,2024-05-13,Tablet,Electronics,North,C0022,1,17697,17697
1756,2024-05-13,Monitor,Electronics,North,C0094,2,14582,29164
1757,2024-05-13,Keyboard,Accessories,West,C0043,4,1570,6280
1758,2024-05-13,Laptop,Electronics,East,C0208,1,55554,55554
1759,2024-05-14,Keyboard,Accessories,East,C0202,3,1573,4719
1760,2024-05-14,Phone,Electronics,East,C0204,2,26211,52422
1761,2024-05-15,Laptop,Electronics,East,C0078,4,57404,229616
1762,2024-05-15,Keyboard,Accessories,South,C0018,1,1451,1451
1763,2024-05-15,Monitor,Electronics,North,C0260,1,14318,14318
1764,2024-05-16,Phone,Electronics,East,C0195,1,25500,25500
1765,2024-05-16,Keyboard,Accessories,South,C0029,3,1508,4524
1766,2024-05-16,Headphones,Accessories,North,C0229,3,3130,9390
1767,2024-05-17,Phone,Electronics,North,C0029,4,24024,96096
1768,2024-05-17,Headphones,Accessories,South,C0238,4,3060,12240
1769,2024-05-17,Monitor,Electronics,East,C0225,4,13505,54020
1770,2024-05-17,Phone,Electronics,South,C0085,4,23782,95128
1771,2024-05-17,Laptop,Electronics,South,C0244,3,53758,161274
1772,2024-05-18,Phone,Electronics,South,C0156,1,24030,24030
1773,2024-05-18,Tablet,Electronics,North,C0040,1,17396,17396
1774,2024-05-18,Tablet,Electronics,West,C0107,1,17613,17613
1775,2024-05-18,Keyboard,Accessories,South,C0169,4,1560,6240
1776,2024-05-18,Keyboard,Accessories,West,C0035,1,1470,1470
1777,2024-05-18,Monitor,Electronics,East,C0241,2,13784,27568
1778,2024-05-18,Headphones,Accessories,West,C0292,1,2992,2992
1779,2024-05-19,Phone,Electronics,West,C0093,4,24004,96016
1780,2024-05-19,Phone,Electronics,East,C0024,1,23857,23857
1781,2024-05-19,Laptop,Electronics,East,C0144,1,52645,52645
1782,2024-05-20,Monitor,Electronics,West,C0193,1,14133,14133
1783,2024-05-20,Keyboard,Accessories,East,C0246,3,1531,4593
1784,2024-05-20,Phone,Electronics,South,C0098,1,25083,25083
1785,2024-05-20,Monitor,Electronics,North,C0011,2,14230,28460
1786,2024-05-20,Laptop,Electronics,South,C0058,1,52768,52768
1787,2024-05-21,Headphones,Accessories,East,C0148,3,3024,9072
1788,2024-05-21,Phone,Electronics,South,C0227,2,26166,52332
1789,2024-05-21,Monitor,Electronics,South,C0008,1,13971,13971
1790,2024-05-21,Laptop,Electronics,West,C0077,2,54005,108010
1791,2024-05-21,Monitor,Electronics,West,C0015,2,14306,28612
1792,2024-05-22,Tablet,Electronics,East,C0281,1,17229,17229
1793,2024-05-23,Laptop,Electronics,North,C0004,2,53962,107924
1794,2024-05-23,Monitor,Electronics,South,C0241,1,14291,14291
1795,2024-05-23,Headphones,Accessories,East,C0122,4,3104,12416
1796,2024-05-23,Laptop,Electronics,West,C0067,3,55036,165108
1797,2024-05-23,Laptop,Electronics,West,C0008,3,53762,161286
1798,2024-05-23,Laptop,Electronics,North,C0106,1,54267,54267
1799,2024-05-24,Phone,Electronics,North,C0202,2,25007,50014
1800,2024-05-24,Keyboard,Accessories,West,C0233,4,1513,6052
1801,2024-05-24,Phone,Electronics,South,C0035,3,23832,71496
1802,2024-05-24,Monitor,Electronics,North,C0149,1,13761,13761
1803,2024-05-24,Phone,Electronics,South,C0145,4,25151,100604
1804,2024-05-24,Headphones,Accessories,East,C0096,4,3050,12200
1805,2024-05-25,Tablet,Electronics,South,C0011,3,18707,56121
1806,2024-05-25,Monitor,Electronics,West,C0153,2,13528,27056
1807,2024-05-25,Keyboard,Accessories,South,C0275,3,1427,4281
1808,2024-05-25,Headphones,Accessories,South,C0087,1,3136,3136
1809,2024-05-25,Laptop,Electronics,West,C0168,3,57323,171969
1810,2024-05-25,Headphones,Accessories,North,C0165,4,3056,12224
1811,2024-05-25,Monitor,Electronics,West,C0081,1,13915,13915
1812,2024-05-26,Phone,Electronics,East,C0023,4,26067,104268
1813,2024-05-26,Keyboard,Accessories,North,C0195,2,1529,3058
1814,2024-05-26,Monitor,Electronics,North,C0158,2,14468,28936
1815,2024-05-27,Monitor,Electronics,North,C0017,3,14016,42048
1816,2024-05-27,Tablet,Electronics,South,C0187,2,17518,35036
1817,2024-05-27,Laptop,Electronics,West,C0256,1,52565,52565
1818,2024-05-27,Phone,Electronics,West,C0198,2,24606,49212
1819,2024-05-27,Laptop,Electronics,South,C0159,2,53098,106196
1820,2024-05-27,Keyboard,Accessories,North,C0278,3,1557,4671
1821,2024-05-27,Tablet,Electronics,West,C0168,1,18113,18113
1822,2024-05-28,Tablet,Electronics,South,C0179,3,17113,51339
1823,2024-05-28,Phone,Electronics,South,C0013,1,24220,24220
1824,2024-05-28,Monitor,Electronics,South,C0102,1,14531,14531
1825,2024-05-28,Laptop,Electronics,East,C0099,2,56411,112822
1826,2024-05-29,Laptop,Electronics,North,C0235,3,57700,173100
1827,2024-05-29,Phone,Electronics,West,C0007,1,26006,26006
1828,2024-05-29,Laptop,Electronics,West,C0237,2,54731,109462
1829,2024-05-30,Keyboard,Accessories,West,C0186,1,1544,1544
1830,2024-05-31,Tablet,Electronics,East,C0249,4,17878,71512
1831,2024-05-31,Tablet,Electronics,West,C0170,2,18778,37556
1832,2024-05-31,Phone,Electronics,South,C0252,1,25513,25513
1833,2024-05-31,Monitor,Electronics,East,C0225,1,14280,14280
1834,2024-05-31,Phone,Electronics,East,C0063,4,25615,102460
1835,2024-05-31,Headphones,Accessories,South,C0001,4,3026,12104
1836,2024-06-01,Tablet,Electronics,North,C0216,4,18261,73044
1837,2024-06-01,Laptop,Electronics,East,C0243,2,54981,109962
1838,2024-06-01,Headphones,Accessories,East,C0288,3,2933,8799
1839,2024-06-01,Headphones,Accessories,East,C0292,1,3146,3146
1840,2024-06-01,Tablet,Electronics,West,C0183,4,18460,73840
1841,2024-06-01,Monitor,Electronics,North,C0230,4,14061,56244
1842,2024-06-01,Headphones,Accessories,East,C0033,4,3110,12440
1843,2024-06-01,Headphones,Accessories,South,C0130,4,3002,12008
1844,2024-06-01,Keyboard,Accessories,North,C0252,2,1448,2896
1845,2024-06-02,Laptop,Electronics,South,C0212,3,53154,159462
1846,2024-06-02,Phone,Electronics,West,C0178,3,24321,72963
1847,2024-06-03,Headphones,Accessories,South,C0300,4,2994,11976
1848,2024-06-03,Laptop,Electronics,North,C0260,2,56936,113872
1849,2024-06-03,Headphones,Accessories,East,C0156,1,2953,2953
1850,2024-06-03,Phone,Electronics,South,C0150,4,25748,102992
1851,2024-06-03,Headphones,Accessories,West,C0155,2,3037,6074
1852,2024-06-03,Headphones,Accessories,East,C0272,1,3001,3001
1853,2024-06-04,Phone,Electronics,South,C0097,2,24864,49728
1854,2024-06-04,Headphones,Accessories,South,C0078,2,3096,6192
1855,2024-06-04,Keyboard,Accessories,East,C0230,1,1436,1436
1856,2024-06-04,Headphones,Accessories,West,C0217,3,2971,8913
1857,2024-06-04,Tablet,Electronics,West,C0118,4,18541,74164
1858,2024-06-04,Laptop,Electronics,South,C0088,2,56536,113072
1859,2024-06-04,Tablet,Electronics,West,C0242,1,17691,17691
1860,2024-06-04,Tablet,Electronics,North,C0300,2,17180,34360
1861,2024-06-05,Tablet,Electronics,West,C0043,3,17107,51321
1862,2024-06-05,Phone,Electronics,North,C0068,2,24247,48494
1863,2024-06-05,Tablet,Electronics,East,C0185,3,17690,53070
1864,2024-06-05,Laptop,Electronics,West,C0209,3,55564,166692
1865,2024-06-05,Tablet,Electronics,South,C0097,4,17388,69552
1866,2024-06-05,Phone,Electronics,West,C0084,1,25305,25305
1867,2024-06-05,Keyboard,Accessories,South,C0201,2,1550,3100
1868,2024-06-06,Keyboard,Accessories,South,C0019,2,1513,3026
1869,2024-06-06,Headphones,Accessories,West,C0242,2,2915,5830
1870,2024-06-06,Headphones,Accessories,East,C0010,3,2933,8799
1871,2024-06-06,Laptop,Electronics,West,C0016,2,53221,106442
1872,2024-06-06,Keyboard,Accessories,West,C0117,1,1478,1478
1873,2024-06-06,Phone,Electronics,North,C0090,4,25898,103592
1874,2024-06-06,Monitor,Electronics,North,C0061,3,13733,41199
1875,2024-06-07,Keyboard,Accessories,West,C0064,1,1434,1434
1876,2024-06-07,Monitor,Electronics,West,C0204,1,14546,14546
1877,2024-06-07,Tablet,Electronics,North,C0064,2,17856,35712
1878,2024-06-08,Laptop,Electronics,South,C0264,4,56599,226396
1879,2024-06-08,Tablet,Electronics,South,C0084,2,18129,36258
1880,2024-06-08,Monitor,Electronics,North,C0052,1,14333,14333
1881,2024-06-08,Monitor,Electronics,South,C0056,1,13982,13982
1882,2024-06-08,Keyboard,Accessories,North,C0286,2,1477,2954
1883,2024-06-09,Keyboard,Accessories,East,C0128,4,1538,6152
1884,2024-06-09,Phone,Electronics,South,C0008,2,23868,47736
1885,2024-06-09,Laptop,Electronics,South,C0074,1,57108,57108
1886,2024-06-09,Tablet,Electronics,East,C0019,3,18332,54996
1887,2024-06-10,Tablet,Electronics,East,C0281,4,18543,74172
1888,2024-06-10,Headphones,Accessories,South,C0155,3,3041,9123
1889,2024-06-10,Keyboard,Accessories,West,C0246,3,1490,4470
1890,2024-06-10,Keyboard,Accessories,West,C0075,3,1569,4707
1891,2024-06-10,Headphones,Accessories,East,C0281,3,3077,9231
1892,2024-06-10,Phone,Electronics,West,C0174,3,25184,75552
1893,2024-06-10,Monitor,Electronics,North,C0077,1,14665,14665
1894,2024-06-10,Tablet,Electronics,East,C0133,4,18532,74128
1895,2024-06-10,Headphones,Accessories,North,C0257,1,2907,2907
1896,2024-06-10,Keyboard,Accessories,East,C0216,1,1439,1439
1897,2024-06-11,Keyboard,Accessories,East,C0226,1,1493,1493
1898,2024-06-11,Headphones,Accessories,South,C0079,2,2953,5906
1899,2024-06-11,Phone,Electronics,South,C0050,1,26070,26070
1900,2024-06-11,Laptop,Electronics,West,C0027,2,54048,108096
1901,2024-06-12,Phone,Electronics,East,C0282,3,25327,75981
1902,2024-06-12,Tablet,Electronics,West,C0246,3,18325,54975
1903,2024-06-12,Tablet,Electronics,West,C0212,2,17984,35968
1904,2024-06-12,Headphones,Accessories,North,C0289,1,3077,3077
1905,2024-06-13,Monitor,Electronics,South,C0067,1,14277,14277
1906,2024-06-13,Keyboard,Accessories,South,C0047,4,1428,5712
1907,2024-06-13,Laptop,Electronics,East,C0195,3,55842,167526
1908,2024-06-13,Tablet,Electronics,West,C0083,1,17848,17848
1909,2024-06-13,Laptop,Electronics,North,C0094,1,53386,53386
1910,2024-06-13,Headphones,Accessories,North,C0048,1,2856,2856
1911,2024-06-13,Tablet,Electronics,East,C0281,3,18233,54699
1912,2024-06-14,Keyboard,Accessories,South,C0129,4,1484,5936
1913,2024-06-14,Laptop,Electronics,South,C0253,4,56022,224088
1914,2024-06-14,Headphones,Accessories,West,C0162,1,3038,3038
1915,2024-06-14,Headphones,Accessories,North,C0164,2,3067,6134
1916,2024-06-15,Phone,Electronics,South,C0206,3,24850,74550
1917,2024-06-15,Monitor,Electronics,North,C0085,2,14413,28826
1918,2024-06-15,Tablet,Electronics,East,C0196,3,18257,54771
1919,2024-06-15,Laptop,Electronics,East,C0153,4,57525,230100
1920,2024-06-15,Tablet,Electronics,East,C0071,3,18370,55110
1921,2024-06-15,Laptop,Electronics,South,C0084,3,54582,163746
1922,2024-06-15,Monitor,Electronics,South,C0182,2,13847,27694
1923,2024-06-16,Keyboard,Accessories,North,C0104,1,1526,1526
1924,2024-06-16,Phone,Electronics,West,C0170,2,24560,49120
1925,2024-06-16,Laptop,Electronics,South,C0141,3,55661,166983
1926,2024-06-16,Laptop,Electronics,South,C0034,1,53370,53370
1927,2024-06-16,Keyboard,Accessories,North,C0124,3,1575,4725
1928,2024-06-18,Monitor,Electronics,South,C0012,1,14664,14664
1929,2024-06-18,Headphones,Accessories,West,C0279,4,3105,12420
1930,2024-06-18,Tablet,Electronics,South,C0199,4,17356,69424
1931,2024-06-18,Tablet,Electronics,East,C0278,4,18042,72168
1932,2024-06-18,Monitor,Electronics,East,C0121,1,13735,13735
1933,2024-06-19,Keyboard,Accessories,West,C0160,1,1531,1531
1934,2024-06-19,Laptop,Electronics,South,C0244,1,55927,55927
1935,2024-06-20,Tablet,Electronics,East,C0199,2,18081,36162
1936,2024-06-20,Keyboard,Accessories,South,C0261,4,1458,5832
1937,2024-06-20,Phone,Electronics,South,C0063,1,26057,26057
1938,2024-06-20,Phone,Electronics,East,C0249,3,25092,75276
1939,2024-06-20,Laptop,Electronics,North,C0160,3,57255,171765
1940,2024-06-20,Keyboard,Accessories,East,C0011,3,1502,4506
1941,2024-06-20,Headphones,Accessories,South,C0103,2,2929,5858
1942,2024-06-20,Phone,Electronics,East,C0028,4,24994,99976
1943,2024-06-21,Phone,Electronics,East,C0265,1,24195,24195
1944,2024-06-21,Phone,Electronics,North,C0263,4,23978,95912
1945,2024-06-22,Phone,Electronics,West,C0032,3,26117,78351
1946,2024-06-22,Laptop,Electronics,South,C0039,3,53985,161955
1947,2024-06-22,Laptop,Electronics,East,C0104,4,53756,215024
1948,2024-06-22,Tablet,Electronics,North,C0048,3,17996,53988
1949,2024-06-22,Phone,Electronics,South,C0287,3,24108,72324
1950,2024-06-22,Headphones,Accessories,North,C0060,3,3007,9021
1951,2024-06-23,Headphones,Accessories,North,C0196,4,2998,11992
1952,2024-06-23,Tablet,Electronics,North,C0175,1,17894,17894
1953,2024-06-24,Laptop,Electronics,South,C0299,2,57697,115394
1954,2024-06-24,Monitor,Electronics,West,C0025,3,13892,41676
1955,2024-06-24,Monitor,Electronics,South,C0005,1,13633,13633
1956,2024-06-25,Headphones,Accessories,East,C0256,4,2957,11828
1957,2024-06-25,Tablet,Electronics,North,C0056,3,18069,54207
1958,2024-06-25,Laptop,Electronics,South,C0049,2,53089,106178
1959,2024-06-26,Tablet,Electronics,East,C0076,3,18087,54261
1960,2024-06-26,Keyboard,Accessories,South,C0217,2,1438,2876
1961,2024-06-26,Monitor,Electronics,North,C0095,2,13571,27142
1962,2024-06-26,Tablet,Electronics,West,C0285,2,18534,37068
1963,2024-06-27,Laptop,Electronics,South,C0255,4,53973,215892
1964,2024-06-27,Headphones,Accessories,South,C0133,4,3096,12384
1965,2024-06-27,Headphones,Accessories,West,C0278,3,2891,8673
1966,2024-06-27,Keyboard,Accessories,South,C0073,3,1464,4392
1967,2024-06-27,Tablet,Electronics,South,C0216,1,17760,17760
1968,2024-06-27,Tablet,Electronics,West,C0165,1,18304,18304
1969,2024-06-27,Tablet,Electronics,South,C0255,2,18591,37182
1970,2024-06-27,Phone,Electronics,South,C0119,1,26134,26134
1971,2024-06-28,Keyboard,Accessories,East,C0055,4,1562,6248
1972,2024-06-28,Keyboard,Accessories,South,C0126,3,1522,4566
1973,2024-06-28,Monitor,Electronics,North,C0122,4,13341,53364
1974,2024-06-28,Tablet,Electronics,East,C0047,1,18133,18133
1975,2024-06-28,Monitor,Electronics,South,C0083,2,13817,27634
1976,2024-06-28,Phone,Electronics,East,C0163,2,24524,49048
1977,2024-06-28,Monitor,Electronics,West,C0186,1,14055,14055
1978,2024-06-29,Keyboard,Accessories,West,C0056,2,1550,3100
1979,2024-06-29,Laptop,Electronics,North,C0178,1,54028,54028
1980,2024-06-30,Monitor,Electronics,East,C0275,3,14319,42957
1981,2024-06-30,Tablet,Electronics,East,C0249,3,17679,53037
1982,2024-06-30,Monitor,Electronics,West,C0231,2,14000,28000
1983,2024-06-30,Phone,Electronics,South,C0260,2,25224,50448
1984,2024-06-30,Monitor,Electronics,South,C0286,3,13977,41931
1985,2024-06-30,Headphones,Accessories,West,C0116,2,3116,6232
1986,2024-06-30,Tablet,Electronics,West,C0156,1,17375,17375
1987,2024-06-30,Keyboard,Accessories,South,C0273,3,1545,4635
1988,2024-07-01,Laptop,Electronics,East,C0213,4,56958,227832
1989,2024-07-01,Phone,Electronics,West,C0159,1,24726,24726
1990,2024-07-01,Keyboard,Accessories,North,C0143,3,1482,4446
1991,2024-07-01,Tablet,Electronics,South,C0208,1,17156,17156
1992,2024-07-01,Keyboard,Accessories,South,C0075,4,1487,5948
1993,2024-07-02,Tablet,Electronics,West,C0136,3,17228,51684
1994,2024-07-02,Phone,Electronics,North,C0085,3,25059,75177
1995,2024-07-02,Headphones,Accessories,West,C0192,1,2969,2969
1996,2024-07-02,Laptop,Electronics,North,C0122,4,52357,209428
1997,2024-07-03,Monitor,Electronics,East,C0276,2,13978,27956
1998,2024-07-03,Monitor,Electronics,West,C0041,4,13446,53784
1999,2024-07-03,Phone,Electronics,North,C0025,1,24983,24983
2000,2024-07-03,Tablet,Electronics,East,C0251,3,18094,54282
2001,2024-07-03,Monitor,Electronics,South,C0036,4,14027,56108
2002,2024-07-03,Monitor,Electronics,North,C0242,1,13587,13587
2003,2024-07-03,Monitor,Electronics,North,C0224,1,14160,14160
2004,2024-07-03,Monitor,Electronics,West,C0019,3,13566,40698
2005,2024-07-03,Headphones,Accessories,South,C0210,4,2911,11644
2006,2024-07-03,Phone,Electronics,South,C0035,2,24873,49746
2007,2024-07-03,Headphones,Accessories,East,C0204,1,2906,2906
2008,2024-07-03,Tablet,Electronics,North,C0206,2,18857,37714
2009,2024-07-04,Keyboard,Accessories,South,C0066,4,1448,5792
2010,2024-07-05,Tablet,Electronics,East,C0021,3,18491,55473
2011,2024-07-05,Headphones,Accessories,North,C0261,4,2965,11860
2012,2024-07-05,Tablet,Electronics,East,C0235,3,18280,54840
2013,2024-07-05,Monitor,Electronics,West,C0153,2,13967,27934
2014,2024-07-05,Headphones,Accessories,East,C0257,2,2929,5858
2015,2024-07-05,Phone,Electronics,North,C0241,3,24239,72717
2016,2024-07-06,Monitor,Electronics,North,C0287,3,13951,41853
2017,2024-07-06,Monitor,Electronics,South,C0267,3,14643,43929
2018,2024-07-06,Tablet,Electronics,South,C0206,4,18571,74284
2019,2024-07-06,Keyboard,Accessories,East,C0245,2,1488,2976
2020,2024-07-06,Headphones,Accessories,West,C0300,3,3077,9231
2021,2024-07-07,Headphones,Accessories,South,C0087,4,3107,12428
2022,2024-07-07,Headphones,Accessories,East,C0107,4,2852,11408
2023,2024-07-07,Laptop,Electronics,East,C0269,1,52964,52964
2024,2024-07-07,Monitor,Electronics,North,C0065,4,14574,58296
2025,2024-07-08,Phone,Electronics,North,C0243,3,25225,75675
2026,2024-07-08,Tablet,Electronics,South,C0177,1,17901,17901
2027,2024-07-08,Monitor,Electronics,East,C0142,4,14263,57052
2028,2024-07-09,Phone,Electronics,North,C0104,1,25134,25134
2029,2024-07-09,Keyboard,Accessories,West,C0157,1,1519,1519
2030,2024-07-09,Monitor,Electronics,West,C0246,4,13662,54648
2031,2024-07-11,Keyboard,Accessories,North,C0018,2,1508,3016
2032,2024-07-11,Laptop,Electronics,East,C0277,1,56870,56870
2033,2024-07-11,Monitor,Electronics,North,C0021,2,14616,29232
2034,2024-07-11,Monitor,Electronics,South,C0022,3,14476,43428
2035,2024-07-11,Phone,Electronics,North,C0154,4,23812,95248
2036,2024-07-11,Headphones,Accessories,West,C0038,1,2888,2888
2037,2024-07-11,Keyboard,Accessories,East,C0220,3,1460,4380
2038,2024-07-11,Tablet,Electronics,West,C0264,2,18479,36958
2039,2024-07-12,Headphones,Accessories,North,C0208,1,3118,3118
2040,2024-07-12,Monitor,Electronics,West,C0146,3,13739,41217
2041,2024-07-12,Headphones,Accessories,East,C0163,4,2923,11692
2042,2024-07-12,Monitor,Electronics,East,C0224,4,14670,58680
2043,2024-07-13,Laptop,Electronics,South,C0154,2,52904,105808
2044,2024-07-13,Laptop,Electronics,North,C0051,1,55498,55498
2045,2024-07-13,Tablet,Electronics,East,C0269,3,17451,52353
2046,2024-07-13,Phone,Electronics,North,C0097,4,25055,100220
2047,2024-07-14,Keyboard,Accessories,East,C0061,3,1512,4536
2048,2024-07-14,Phone,Electronics,East,C0132,3,24648,73944
2049,2024-07-14,Headphones,Accessories,North,C0048,2,3077,6154
2050,2024-07-14,Monitor,Electronics,West,C0224,4,14417,57668
2051,2024-07-15,Monitor,Electronics,East,C0113,2,14587,29174
2052,2024-07-15,Tablet,Electronics,West,C0112,2,17394,34788
2053,2024-07-16,Monitor,Electronics,West,C0005,4,14049,56196
2054,2024-07-16,Phone,Electronics,North,C0092,2,25027,50054
2055,2024-07-16,Headphones,Accessories,North,C0069,1,3034,3034
2056,2024-07-17,Phone,Electronics,North,C0271,4,24520,98080
2057,2024-07-17,Keyboard,Accessories,West,C0173,3,1481,4443
2058,2024-07-17,Laptop,Electronics,East,C0071,2,56808,113616
2059,2024-07-17,Phone,Electronics,South,C0013,2,24504,49008
2060,2024-07-18,Phone,Electronics,East,C0253,1,23801,23801
2061,2024-07-18,Headphones,Accessories,West,C0199,4,3046,12184
2062,2024-07-18,Phone,Electronics,East,C0045,3,24586,73758
2063,2024-07-18,Keyboard,Accessories,East,C0248,3,1432,4296
2064,2024-07-18,Keyboard,Accessories,South,C0099,2,1487,2974
2065,2024-07-18,Phone,Electronics,West,C0046,4,24187,96748
2066,2024-07-19,Monitor,Electronics,South,C0161,2,14216,28432
2067,2024-07-19,Monitor,Electronics,North,C0292,2,14460,28920
2068,2024-07-19,Tablet,Electronics,South,C0238,4,18245,72980
2069,2024-07-19,Keyboard,Accessories,North,C0085,3,1555,4665
2070,2024-07-19,Phone,Electronics,West,C0087,4,24030,96120
2071,2024-07-19,Keyboard,Accessories,East,C0256,4,1504,6016
2072,2024-07-19,Phone,Electronics,West,C0082,1,24018,24018
2073,2024-07-20,Keyboard,Accessories,South,C0139,4,1518,6072
2074,2024-07-20,Laptop,Electronics,North,C0124,4,54436,217744
2075,2024-07-20,Monitor,Electronics,North,C0097,1,14359,14359
2076,2024-07-20,Keyboard,Accessories,East,C0264,4,1502,6008
2077,2024-07-20,Monitor,Electronics,North,C0091,1,13460,13460
2078,2024-07-21,Headphones,Accessories,South,C0256,4,3082,12328
2079,2024-07-21,Tablet,Electronics,East,C0218,1,18104,18104
2080,2024-07-21,Monitor,Electronics,East,C0166,4,13628,54512
2081,2024-07-21,Keyboard,Accessories,West,C0197,3,1473,4419
2082,2024-07-22,Laptop,Electronics,South,C0009,1,52518,52518
2083,2024-07-22,Tablet,Electronics,West,C0107,1,17988,17988
2084,2024-07-22,Headphones,Accessories,South,C0076,1,3144,3144
2085,2024-07-22,Laptop,Electronics,East,C0022,1,53811,53811
2086,2024-07-22,Tablet,Electronics,East,C0203,2,17103,34206
2087,2024-07-23,Tablet,Electronics,East,C0073,4,18882,75528
2088,2024-07-23,Laptop,Electronics,South,C0049,1,56724,56724
2089,2024-07-23,Headphones,Accessories,East,C0012,1,3077,3077
2090,2024-07-23,Headphones,Accessories,East,C0092,3,3023,9069
2091,2024-07-24,Monitor,Electronics,South,C0204,3,13405,40215
2092,2024-07-24,Headphones,Accessories,West,C0295,3,3105,9315
2093,2024-07-24,Keyboard,Accessories,East,C0152,1,1540,1540
2094,2024-07-24,Tablet,Electronics,West,C0266,1,18259,18259
2095,2024-07-24,Monitor,Electronics,North,C0219,4,13995,55980
2096,2024-07-24,Laptop,Electronics,North,C0294,1,53412,53412
2097,2024-07-25,Tablet,Electronics,East,C0258,4,17679,70716
2098,2024-07-25,Monitor,Electronics,North,C0292,1,13449,13449
2099,2024-07-25,Laptop,Electronics,East,C0097,4,54819,219276
2100,2024-07-25,Headphones,Accessories,South,C0165,2,2891,5782
2101,2024-07-25,Headphones,Accessories,South,C0065,2,3004,6008
2102,2024-07-25,Headphones,Accessories,West,C0270,4,3042,12168
2103,2024-07-26,Phone,Electronics,South,C0135,1,24432,24432
2104,2024-07-26,Headphones,Accessories,South,C0195,3,2931,8793
2105,2024-07-26,Monitor,Electronics,North,C0207,1,13777,13777
2106,2024-07-26,Phone,Electronics,North,C0061,3,24302,72906
2107,2024-07-28,Keyboard,Accessories,South,C0254,1,1495,1495
2108,2024-07-28,Headphones,Accessories,West,C0038,3,2888,8664
2109,2024-07-28,Headphones,Accessories,South,C0265,2,3111,6222
2110,2024-07-28,Laptop,Electronics,North,C0047,2,55409,110818
2111,2024-07-28,Phone,Electronics,East,C0137,2,26041,52082
2112,2024-07-29,Keyboard,Accessories,North,C0011,4,1471,5884
2113,2024-07-29,Monitor,Electronics,South,C0043,3,14224,42672
2114,2024-07-29,Laptop,Electronics,North,C0024,3,52978,158934
2115,2024-07-29,Keyboard,Accessories,West,C0014,4,1567,6268
2116,2024-07-29,Tablet,Electronics,West,C0300,4,18427,73708
2117,2024-07-29,Phone,Electronics,South,C0136,2,24464,48928
2118,2024-07-30,Phone,Electronics,East,C0294,2,25689,51378
2119,2024-07-30,Monitor,Electronics,South,C0113,4,13779,55116
2120,2024-07-30,Phone,Electronics,North,C0026,4,24492,97968
2121,2024-07-30,Headphones,Accessories,South,C0104,1,2900,2900
2122,2024-07-30,Tablet,Electronics,West,C0184,2,17543,35086
2123,2024-07-30,Tablet,Electronics,West,C0059,1,18120,18120
2124,2024-07-30,Monitor,Electronics,South,C0152,1,14127,14127
2125,2024-07-30,Tablet,Electronics,North,C0163,1,17904,17904
2126,2024-07-30,Keyboard,Accessories,South,C0022,4,1517,6068
2127,2024-07-31,Headphones,Accessories,North,C0224,2,3123,6246
2128,2024-07-31,Keyboard,Accessories,East,C0040,2,1432,2864
2129,2024-07-31,Phone,Electronics,East,C0068,1,24274,24274
2130,2024-07-31,Tablet,Electronics,West,C0022,3,17615,52845
2131,2024-07-31,Phone,Electronics,North,C0186,3,24858,74574
2132,2024-07-31,Tablet,Electronics,West,C0060,4,17299,69196
2133,2024-07-31,Phone,Electronics,East,C0145,1,24660,24660
2134,2024-08-01,Tablet,Electronics,West,C0132,1,18013,18013
2135,2024-08-01,Keyboard,Accessories,South,C0171,1,1524,1524
2136,2024-08-01,Keyboard,Accessories,North,C0194,1,1531,1531
2137,2024-08-01,Phone,Electronics,South,C0134,1,23761,23761
2138,2024-08-01,Monitor,Electronics,North,C0130,2,13405,26810
2139,2024-08-01,Tablet,Electronics,North,C0197,4,17596,70384
2140,2024-08-01,Headphones,Accessories,South,C0275,4,3149,12596
2141,2024-08-02,Keyboard,Accessories,South,C0095,3,1568,4704
2142,2024-08-02,Phone,Electronics,North,C0144,2,24219,48438
2143,2024-08-02,Keyboard,Accessories,West,C0132,3,1539,4617
2144,2024-08-02,Laptop,Electronics,North,C0139,2,52503,105006
2145,2024-08-02,Tablet,Electronics,West,C0123,1,18413,18413
2146,2024-08-02,Keyboard,Accessories,East,C0174,2,1490,2980
2147,2024-08-02,Phone,Electronics,East,C0153,4,25452,101808
2148,2024-08-02,Tablet,Electronics,West,C0005,1,17870,17870
2149,2024-08-03,Monitor,Electronics,South,C0054,4,13863,55452
2150,2024-08-03,Monitor,Electronics,South,C0273,4,14402,57608
2151,2024-08-03,Phone,Electronics,East,C0205,1,24498,24498
2152,2024-08-03,Headphones,Accessories,East,C0248,3,2950,8850
2153,2024-08-03,Monitor,Electronics,North,C0037,4,13315,53260
2154,2024-08-03,Keyboard,Accessories,North,C0128,2,1557,3114
2155,2024-08-03,Headphones,Accessories,South,C0119,2,2979,5958
2156,2024-08-04,Keyboard,Accessories,West,C0220,2,1455,2910
2157,2024-08-04,Monitor,Electronics,North,C0139,3,14629,43887
2158,2024-08-05,Keyboard,Accessories,East,C0082,2,1558,3116
2159,2024-08-05,Monitor,Electronics,West,C0035,4,14227,56908
2160,2024-08-06,Headphones,Accessories,East,C0156,3,3025,9075
2161,2024-08-06,Phone,Electronics,East,C0205,3,24305,72915
2162,2024-08-06,Phone,Electronics,South,C0045,3,24659,73977
2163,2024-08-06,Monitor,Electronics,East,C0103,2,14144,28288
2164,2024-08-06,Keyboard,Accessories,West,C0033,4,1552,6208
2165,2024-08-07,Keyboard,Accessories,East,C0067,1,1497,1497
2166,2024-08-07,Monitor,Electronics,East,C0238,3,14544,43632
2167,2024-08-07,Keyboard,Accessories,South,C0054,4,1468,5872
2168,2024-08-07,Monitor,Electronics,West,C0172,4,14294,57176
2169,2024-08-07,Tablet,Electronics,West,C0205,1,17319,17319
2170,2024-08-07,Tablet,Electronics,North,C0140,1,17317,17317
2171,2024-08-08,Keyboard,Accessories,South,C0143,3,1557,4671
2172,2024-08-08,Phone,Electronics,South,C0146,3,24290,72870
2173,2024-08-08,Phone,Electronics,East,C0228,3,24467,73401
2174,2024-08-08,Monitor,Electronics,East,C0076,2,14403,28806
2175,2024-08-08,Tablet,Electronics,East,C0110,4,17377,69508
2176,2024-08-08,Monitor,Electronics,East,C0057,3,14184,42552
2177,2024-08-08,Tablet,Electronics,West,C0179,1,17196,17196
2178,2024-08-08,Headphones,Accessories,West,C0241,3,3009,9027
2179,2024-08-08,Laptop,Electronics,East,C0197,4,56557,226228
2180,2024-08-09,Tablet,Electronics,West,C0109,1,17537,17537
2181,2024-08-09,Keyboard,Accessories,East,C0048,3,1449,4347
2182,2024-08-09,Laptop,Electronics,South,C0071,1,53590,53590
2183,2024-08-09,Tablet,Electronics,North,C0096,1,17767,17767
2184,2024-08-09,Headphones,Accessories,North,C0188,3,3036,9108
2185,2024-08-09,Keyboard,Accessories,North,C0262,3,1473,4419
2186,2024-08-10,Headphones,Accessories,South,C0093,1,2898,2898
2187,2024-08-10,Phone,Electronics,South,C0057,3,25333,75999
2188,2024-08-10,Phone,Electronics,West,C0003,2,24008,48016
2189,2024-08-10,Tablet,Electronics,West,C0107,2,18367,36734
2190,2024-08-10,Headphones,Accessories,East,C0051,4,2917,11668
2191,2024-08-10,Monitor,Electronics,South,C0185,3,13794,41382
2192,2024-08-10,Tablet,Electronics,North,C0231,2,18293,36586
2193,2024-08-11,Headphones,Accessories,West,C0211,4,3045,12180
2194,2024-08-11,Keyboard,Accessories,South,C0160,3,1460,4380
2195,2024-08-12,Tablet,Electronics,East,C0276,3,17887,53661
2196,2024-08-12,Tablet,Electronics,West,C0189,2,18682,37364
2197,2024-08-12,Phone,Electronics,East,C0131,4,25273,101092
2198,2024-08-12,Tablet,Electronics,South,C0008,3,18166,54498
2199,2024-08-12,Laptop,Electronics,North,C0014,1,56934,56934
2200,2024-08-13,Phone,Electronics,North,C0120,3,24541,73623
2201,2024-08-13,Tablet,Electronics,North,C0069,3,18898,56694
2202,2024-08-13,Keyboard,Accessories,West,C0295,3,1449,4347
2203,2024-08-13,Keyboard,Accessories,North,C0168,2,1488,2976
2204,2024-08-13,Keyboard,Accessories,North,C0083,3,1548,4644
2205,2024-08-13,Laptop,Electronics,East,C0181,4,55273,221092
2206,2024-08-13,Headphones,Accessories,North,C0049,3,2901,8703
2207,2024-08-14,Phone,Electronics,East,C0104,2,24486,48972
2208,2024-08-14,Phone,Electronics,South,C0296,3,25014,75042
2209,2024-08-14,Headphones,Accessories,North,C0045,2,2996,5992
2210,2024-08-14,Laptop,Electronics,South,C0053,4,56195,224780
2211,2024-08-14,Tablet,Electronics,East,C0016,2,17850,35700
2212,2024-08-14,Monitor,Electronics,West,C0236,3,13879,41637
2213,2024-08-15,Laptop,Electronics,East,C0249,3,55789,167367
2214,2024-08-15,Monitor,Electronics,West,C0089,4,14089,56356
2215,2024-08-15,Keyboard,Accessories,North,C0248,3,1517,4551
2216,2024-08-15,Phone,Electronics,South,C0087,4,24162,96648
2217,2024-08-15,Headphones,Accessories,East,C0052,2,3101,6202
2218,2024-08-15,Tablet,Electronics,East,C0281,2,18456,36912
2219,2024-08-15,Laptop,Electronics,North,C0181,1,57345,57345
2220,2024-08-15,Keyboard,Accessories,West,C0152,2,1433,2866
2221,2024-08-16,Headphones,Accessories,South,C0276,4,2914,11656
2222,2024-08-16,Headphones,Accessories,West,C0053,4,2940,11760
2223,2024-08-16,Headphones,Accessories,North,C0263,2,2993,5986
2224,2024-08-16,Monitor,Electronics,East,C0012,1,13378,13378
2225,2024-08-16,Monitor,Electronics,North,C0187,3,14480,43440
2226,2024-08-17,Laptop,Electronics,North,C0066,3,54857,164571
2227,2024-08-17,Laptop,Electronics,North,C0098,2,52270,104540
2228,2024-08-17,Headphones,Accessories,East,C0091,1,2987,2987
2229,2024-08-17,Monitor,Electronics,West,C0038,3,14615,43845
2230,2024-08-17,Monitor,Electronics,South,C0221,2,14208,28416
2231,2024-08-17,Headphones,Accessories,South,C0038,1,3074,3074
2232,2024-08-17,Monitor,Electronics,South,C0188,4,14303,57212
2233,2024-08-17,Keyboard,Accessories,West,C0053,3,1432,4296
2234,2024-08-17,Monitor,Electronics,North,C0002,3,13569,40707
2235,2024-08-18,Phone,Electronics,East,C0260,1,23886,23886
2236,2024-08-18,Phone,Electronics,North,C0269,2,25076,50152
2237,2024-08-18,Phone,Electronics,East,C0205,1,25271,25271
2238,2024-08-18,Keyboard,Accessories,North,C0265,1,1526,1526
2239,2024-08-19,Monitor,Electronics,North,C0052,2,13943,27886
2240,2024-08-19,Headphones,Accessories,North,C0279,2,2866,5732
2241,2024-08-19,Laptop,Electronics,North,C0136,4,52652,210608
2242,2024-08-19,Monitor,Electronics,North,C0274,4,14648,58592
2243,2024-08-19,Phone,Electronics,South,C0113,1,24872,24872
2244,2024-08-19,Headphones,Accessories,North,C0037,1,2938,2938
2245,2024-08-20,Tablet,Electronics,South,C0042,4,17896,71584
2246,2024-08-20,Laptop,Electronics,North,C0071,1,53311,53311
2247,2024-08-20,Monitor,Electronics,West,C0122,1,14582,14582
2248,2024-08-21,Keyboard,Accessories,South,C0042,2,1510,3020
2249,2024-08-21,Monitor,Electronics,South,C0079,4,13728,54912
2250,2024-08-21,Monitor,Electronics,South,C0153,1,14214,14214
2251,2024-08-21,Tablet,Electronics,North,C0247,3,17285,51855
2252,2024-08-22,Monitor,Electronics,East,C0128,4,13892,55568
2253,2024-08-22,Headphones,Accessories,North,C0176,2,3045,6090
2254,2024-08-22,Tablet,Electronics,North,C0111,4,18694,74776
2255,2024-08-22,Phone,Electronics,North,C0261,4,24570,98280
2256,2024-08-23,Monitor,Electronics,West,C0060,4,13830,55320
2257,2024-08-23,Keyboard,Accessories,North,C0167,3,1543,4629
2258,2024-08-23,Monitor,Electronics,South,C0100,3,14152,42456
2259,2024-08-23,Headphones,Accessories,South,C0201,2,3109,6218
2260,2024-08-23,Monitor,Electronics,West,C0298,2,14117,28234
2261,2024-08-23,Headphones,Accessories,North,C0028,4,2929,11716
2262,2024-08-23,Keyboard,Accessories,East,C0218,4,1517,6068
2263,2024-08-23,Headphones,Accessories,South,C0190,2,2854,5708
2264,2024-08-23,Monitor,Electronics,North,C0128,2,13694,27388
2265,2024-08-23,Monitor,Electronics,South,C0192,2,13786,27572
2266,2024-08-24,Keyboard,Accessories,South,C0191,4,1438,5752
2267,2024-08-24,Monitor,Electronics,West,C0044,2,13358,26716
2268,2024-08-24,Headphones,Accessories,North,C0277,2,3031,6062
2269,2024-08-24,Keyboard,Accessories,South,C0230,3,1477,4431
2270,2024-08-25,Phone,Electronics,West,C0102,4,24443,97772
2271,2024-08-25,Keyboard,Accessories,North,C0175,3,1555,4665
2272,2024-08-25,Monitor,Electronics,South,C0218,3,13397,40191
2273,2024-08-25,Keyboard,Accessories,East,C0062,4,1525,6100
2274,2024-08-25,Tablet,Electronics,West,C0198,3,18456,55368
2275,2024-08-25,Headphones,Accessories,East,C0279,2,3121,6242
2276,2024-08-26,Monitor,Electronics,North,C0266,2,14560,29120
2277,2024-08-26,Tablet,Electronics,West,C0236,2,17870,35740
2278,2024-08-26,Headphones,Accessories,North,C0010,4,3149,12596
2279,2024-08-26,Headphones,Accessories,East,C0205,3,3045,9135
2280,2024-08-27,Monitor,Electronics,North,C0234,1,13633,13633
2281,2024-08-27,Headphones,Accessories,North,C0137,2,2907,5814
2282,2024-08-27,Phone,Electronics,West,C0117,2,25155,50310
2283,2024-08-27,Keyboard,Accessories,West,C0131,1,1495,1495
2284,2024-08-27,Headphones,Accessories,South,C0098,2,2944,5888
2285,2024-08-27,Tablet,Electronics,East,C0205,3,17174,51522
2286,2024-08-28,Laptop,Electronics,North,C0246,3,53496,160488
2287,2024-08-28,Monitor,Electronics,South,C0100,3,14385,43155
2288,2024-08-28,Headphones,Accessories,North,C0141,2,3068,6136
2289,2024-08-28,Tablet,Electronics,North,C0045,2,18828,37656
2290,2024-08-28,Laptop,Electronics,South,C0147,4,54366,217464
2291,2024-08-29,Monitor,Electronics,West,C0279,3,14444,43332
2292,2024-08-29,Laptop,Electronics,East,C0133,1,54215,54215
2293,2024-08-29,Keyboard,Accessories,East,C0220,2,1489,2978
2294,2024-08-30,Laptop,Electronics,North,C0246,1,56715,56715
2295,2024-08-30,Laptop,Electronics,East,C0082,2,57533,115066
2296,2024-08-30,Phone,Electronics,West,C0162,3,24630,73890
2297,2024-08-30,Headphones,Accessories,South,C0173,1,2852,2852
2298,2024-08-31,Laptop,Electronics,North,C0034,3,56019,168057
2299,2024-08-31,Laptop,Electronics,North,C0017,2,56320,112640
2300,2024-08-31,Phone,Electronics,West,C0043,2,25740,51480
2301,2024-08-31,Monitor,Electronics,East,C0190,2,13435,26870
2302,2024-08-31,Headphones,Accessories,North,C0063,4,3133,12532
2303,2024-08-31,Monitor,Electronics,East,C0063,4,13480,53920
2304,2024-09-01,Tablet,Electronics,South,C0266,1,17759,17759
2305,2024-09-01,Phone,Electronics,West,C0043,4,25951,103804
2306,2024-09-01,Headphones,Accessories,South,C0094,3,3074,9222
2307,2024-09-01,Monitor,Electronics,East,C0098,4,13632,54528
2308,2024-09-02,Headphones,Accessories,South,C0153,3,2901,8703
2309,2024-09-02,Headphones,Accessories,North,C0263,2,3038,6076
2310,2024-09-02,Headphones,Accessories,South,C0121,2,2901,5802
2311,2024-09-02,Monitor,Electronics,West,C0031,2,14128,28256
2312,2024-09-03,Tablet,Electronics,North,C0172,3,17362,52086
2313,2024-09-03,Headphones,Accessories,South,C0129,1,2925,2925
2314,2024-09-03,Tablet,Electronics,East,C0275,4,17607,70428
2315,2024-09-03,Monitor,Electronics,South,C0287,1,13577,13577
2316,2024-09-03,Monitor,Electronics,West,C0253,2,13780,27560
2317,2024-09-04,Laptop,Electronics,East,C0166,1,55549,55549
2318,2024-09-04,Headphones,Accessories,South,C0187,3,3141,9423
2319,2024-09-04,Keyboard,Accessories,East,C0087,4,1493,5972
2320,2024-09-04,Monitor,Electronics,North,C0053,3,13790,41370
2321,2024-09-04,Phone,Electronics,East,C0091,4,25948,103792
2322,2024-09-04,Headphones,Accessories,South,C0045,2,3051,6102
2323,2024-09-05,Headphones,Accessories,East,C0059,3,2897,8691
2324,2024-09-05,Headphones,Accessories,West,C0006,4,2894,11576
2325,2024-09-05,Keyboard,Accessories,East,C0098,4,1554,6216
2326,2024-09-05,Laptop,Electronics,North,C0204,3,57652,172956
2327,2024-09-05,Phone,Electronics,West,C0210,2,25630,51260
2328,2024-09-06,Tablet,Electronics,South,C0176,2,18524,37048
2329,2024-09-06,Headphones,Accessories,North,C0191,1,3021,3021
2330,2024-09-06,Keyboard,Accessories,West,C0173,1,1487,1487
2331,2024-09-06,Headphones,Accessories,South,C0021,2,3009,6018
2332,2024-09-06,Phone,Electronics,West,C0165,3,26026,78078
2333,2024-09-06,Tablet,Electronics,East,C0180,2,17204,34408
2334,2024-09-06,Headphones,Accessories,South,C0015,3,3063,9189
2335,2024-09-06,Tablet,Electronics,East,C0196,4,17616,70464
2336,2024-09-07,Headphones,Accessories,South,C0193,3,2944,8832
2337,2024-09-07,Laptop,Electronics,East,C0183,4,52307,209228
2338,2024-09-07,Tablet,Electronics,East,C0018,1,18484,18484
2339,2024-09-07,Headphones,Accessories,South,C0054,3,2976,8928
2340,2024-09-07,Monitor,Electronics,South,C0034,4,13400,53600
2341,2024-09-08,Phone,Electronics,South,C0236,3,25742,77226
2342,2024-09-08,Laptop,Electronics,South,C0069,4,55675,222700
2343,2024-09-08,Keyboard,Accessories,East,C0131,4,1437,5748
2344,2024-09-08,Phone,Electronics,North,C0134,1,25958,25958
2345,2024-09-09,Keyboard,Accessories,East,C0005,3,1488,4464
2346,2024-09-09,Phone,Electronics,East,C0063,1,24075,24075
2347,2024-09-09,Monitor,Electronics,East,C0268,3,13660,40980
2348,2024-09-09,Tablet,Electronics,East,C0185,4,18598,74392
2349,2024-09-09,Headphones,Accessories,West,C0165,3,2959,8877
2350,2024-09-09,Phone,Electronics,East,C0050,3,26009,78027
2351,2024-09-10,Keyboard,Accessories,North,C0059,3,1435,4305
2352,2024-09-10,Monitor,Electronics,West,C0164,2,14549,29098
2353,2024-09-10,Laptop,Electronics,North,C0257,3,55189,165567
2354,2024-09-10,Laptop,Electronics,East,C0038,1,53851,53851
2355,2024-09-10,Headphones,Accessories,West,C0017,3,3106,9318
2356,2024-09-10,Tablet,Electronics,West,C0019,4,17275,69100
2357,2024-09-10,Monitor,Electronics,West,C0125,1,14051,14051
2358,2024-09-11,Tablet,Electronics,North,C0300,1,18587,18587
2359,2024-09-11,Laptop,Electronics,North,C0230,3,52802,158406
2360,2024-09-11,Phone,Electronics,North,C0267,3,23921,71763
2361,2024-09-11,Monitor,Electronics,West,C0196,4,14534,58136
2362,2024-09-11,Monitor,Electronics,South,C0090,2,14569,29138
2363,2024-09-11,Laptop,Electronics,South,C0205,1,57125,57125
2364,2024-09-11,Keyboard,Accessories,West,C0286,2,1448,2896
2365,2024-09-11,Monitor,Electronics,East,C0275,1,14235,14235
2366,2024-09-12,Monitor,Electronics,West,C0291,1,14656,14656
2367,2024-09-12,Phone,Electronics,North,C0228,2,24706,49412
2368,2024-09-12,Phone,Electronics,West,C0183,2,23965,47930
2369,2024-09-12,Phone,Electronics,North,C0072,2,24983,49966
2370,2024-09-12,Laptop,Electronics,North,C0274,1,52690,52690
2371,2024-09-12,Tablet,Electronics,East,C0141,4,18777,75108
2372,2024-09-12,Keyboard,Accessories,South,C0185,4,1479,5916
2373,2024-09-13,Keyboard,Accessories,East,C0218,2,1507,3014
2374,2024-09-13,Monitor,Electronics,North,C0299,4,14694,58776
2375,2024-09-13,Phone,Electronics,South,C0074,3,25915,77745
2376,2024-09-13,Laptop,Electronics,East,C0245,4,57086,228344
2377,2024-09-13,Keyboard,Accessories,West,C0246,4,1494,5976
2378,2024-09-13,Laptop,Electronics,East,C0035,1,52978,52978
2379,2024-09-13,Monitor,Electronics,West,C0156,3,14176,42528
2380,2024-09-14,Tablet,Electronics,West,C0023,4,18025,72100
2381,2024-09-14,Headphones,Accessories,East,C0158,2,3065,6130
2382,2024-09-14,Headphones,Accessories,West,C0061,2,2940,5880
2383,2024-09-14,Tablet,Electronics,South,C0209,3,17838,53514
2384,2024-09-14,Phone,Electronics,West,C0053,1,25552,25552
2385,2024-09-14,Tablet,Electronics,South,C0207,2,17385,34770
2386,2024-09-14,Keyboard,Accessories,North,C0238,3,1504,4512
2387,2024-09-14,Tablet,Electronics,East,C0100,4,17637,70548
2388,2024-09-14,Tablet,Electronics,East,C0029,1,18089,18089
2389,2024-09-14,Monitor,Electronics,West,C0143,4,14018,56072
2390,2024-09-14,Laptop,Electronics,North,C0100,4,54323,217292
2391,2024-09-15,Monitor,Electronics,West,C0260,4,14693,58772
2392,2024-09-15,Laptop,Electronics,North,C0014,2,53632,107264
2393,2024-09-15,Headphones,Accessories,West,C0155,3,3024,9072
2394,2024-09-15,Tablet,Electronics,East,C0181,2,17554,35108
2395,2024-09-15,Headphones,Accessories,North,C0221,3,3044,9132
2396,2024-09-15,Monitor,Electronics,East,C0248,2,13765,27530
2397,2024-09-16,Headphones,Accessories,North,C0050,1,2896,2896
2398,2024-09-16,Laptop,Electronics,South,C0053,2,55591,111182
2399,2024-09-16,Laptop,Electronics,East,C0094,1,53796,53796
2400,2024-09-16,Phone,Electronics,North,C0288,3,25713,77139
2401,2024-09-17,Keyboard,Accessories,West,C0290,1,1438,1438
2402,2024-09-17,Monitor,Electronics,East,C0255,3,14025,42075
2403,2024-09-17,Headphones,Accessories,North,C0035,2,3083,6166
2404,2024-09-18,Keyboard,Accessories,North,C0140,4,1545,6180
2405,2024-09-18,Phone,Electronics,West,C0188,1,25339,25339
2406,2024-09-18,Headphones,Accessories,South,C0289,3,2890,8670
2407,2024-09-18,Headphones,Accessories,North,C0082,3,3009,9027
2408,2024-09-19,Laptop,Electronics,East,C0169,2,53913,107826
2409,2024-09-19,Tablet,Electronics,North,C0246,3,18575,55725
2410,2024-09-19,Headphones,Accessories,West,C0298,1,2864,2864
2411,2024-09-19,Headphones,Accessories,North,C0075,3,2943,8829
2412,2024-09-19,Laptop,Electronics,South,C0072,1,55290,55290
2413,2024-09-19,Headphones,Accessories,South,C0251,4,3047,12188
2414,2024-09-19,Phone,Electronics,East,C0045,4,25236,100944
2415,2024-09-20,Headphones,Accessories,East,C0196,4,2961,11844
2416,2024-09-20,Monitor,Electronics,South,C0138,3,13938,41814
2417,2024-09-20,Keyboard,Accessories,North,C0193,1,1490,1490
2418,2024-09-21,Laptop,Electronics,North,C0094,1,54987,54987
2419,2024-09-21,Monitor,Electronics,East,C0232,1,13637,13637
2420,2024-09-21,Laptop,Electronics,South,C0240,3,55665,166995
2421,2024-09-21,Phone,Electronics,South,C0161,3,23867,71601
2422,2024-09-22,Laptop,Electronics,East,C0101,3,56801,170403
2423,2024-09-22,Headphones,Accessories,East,C0013,3,2960,8880
2424,2024-09-22,Tablet,Electronics,South,C0145,4,18810,75240
2425,2024-09-22,Headphones,Accessories,North,C0290,3,3056,9168
2426,2024-09-22,Tablet,Electronics,West,C0113,1,18130,18130
2427,2024-09-22,Keyboard,Accessories,East,C0259,1,1547,1547
2428,2024-09-22,Tablet,Electronics,West,C0036,1,17920,17920
2429,2024-09-23,Headphones,Accessories,East,C0235,2,3106,6212
2430,2024-09-23,Laptop,Electronics,West,C0004,4,56118,224472
2431,2024-09-23,Phone,Electronics,East,C0018,3,24051,72153
2432,2024-09-24,Keyboard,Accessories,North,C0053,1,1564,1564
2433,2024-09-24,Tablet,Electronics,South,C0038,2,17921,35842
2434,2024-09-24,Phone,Electronics,North,C0263,2,26235,52470
2435,2024-09-24,Tablet,Electronics,West,C0067,3,17612,52836
2436,2024-09-24,Keyboard,Accessories,South,C0002,4,1493,5972
2437,2024-09-24,Keyboard,Accessories,West,C0159,4,1575,6300
2438,2024-09-24,Tablet,Electronics,South,C0029,3,17807,53421
2439,2024-09-24,Phone,Electronics,South,C0130,3,25005,75015
2440,2024-09-24,Laptop,Electronics,East,C0068,4,56920,227680
2441,2024-09-24,Phone,Electronics,North,C0041,4,23846,95384
2442,2024-09-25,Monitor,Electronics,West,C0068,4,13981,55924
2443,2024-09-25,Laptop,Electronics,South,C0276,2,53001,106002
2444,2024-09-25,Laptop,Electronics,North,C0055,1,52321,52321
2445,2024-09-25,Keyboard,Accessories,East,C0021,4,1479,5916
2446,2024-09-25,Phone,Electronics,North,C0025,3,25182,75546
2447,2024-09-26,Laptop,Electronics,East,C0035,1,52615,52615
2448,2024-09-26,Laptop,Electronics,East,C0292,1,55588,55588
2449,2024-09-26,Keyboard,Accessories,South,C0162,1,1435,1435
2450,2024-09-26,Laptop,Electronics,East,C0166,3,53018,159054
2451,2024-09-27,Monitor,Electronics,East,C0115,3,13419,40257
2452,2024-09-27,Tablet,Electronics,South,C0124,3,18814,56442
2453,2024-09-27,Keyboard,Accessories,North,C0001,2,1554,3108
2454,2024-09-27,Phone,Electronics,North,C0207,1,24661,24661
2455,2024-09-27,Phone,Electronics,South,C0096,1,23916,23916
2456,2024-09-27,Headphones,Accessories,North,C0161,4,2852,11408
2457,2024-09-28,Monitor,Electronics,North,C0058,3,14640,43920
2458,2024-09-28,Monitor,Electronics,North,C0057,3,13923,41769
2459,2024-09-28,Keyboard,Accessories,North,C0193,2,1439,2878
2460,2024-09-28,Phone,Electronics,East,C0232,2,25375,50750
2461,2024-09-28,Keyboard,Accessories,South,C0220,4,1563,6252
2462,2024-09-29,Headphones,Accessories,South,C0002,2,2863,5726
2463,2024-09-29,Phone,Electronics,West,C0169,1,25473,25473
2464,2024-09-29,Monitor,Electronics,South,C0268,2,14099,28198
2465,2024-09-29,Monitor,Electronics,East,C0139,3,14143,42429
2466,2024-09-29,Monitor,Electronics,South,C0295,3,14278,42834
2467,2024-09-30,Monitor,Electronics,South,C0159,4,13351,53404
2468,2024-09-30,Tablet,Electronics,West,C0060,3,18289,54867
2469,2024-09-30,Laptop,Electronics,East,C0079,1,56207,56207
2470,2024-09-30,Keyboard,Accessories,East,C0252,1,1517,1517
2471,2024-09-30,Phone,Electronics,North,C0146,3,24237,72711
2472,2024-09-30,Keyboard,Accessories,North,C0237,2,1487,2974
2473,2024-09-30,Headphones,Accessories,North,C0297,4,2988,11952
2474,2024-10-01,Monitor,Electronics,East,C0087,1,13854,13854
2475,2024-10-01,Monitor,Electronics,North,C0010,3,14484,43452
2476,2024-10-01,Tablet,Electronics,East,C0180,3,17788,53364
2477,2024-10-01,Monitor,Electronics,North,C0161,3,13518,40554
2478,2024-10-02,Laptop,Electronics,North,C0035,3,55054,165162
2479,2024-10-02,Monitor,Electronics,South,C0136,1,13736,13736
2480,2024-10-02,Tablet,Electronics,South,C0147,4,18734,74936
2481,2024-10-02,Monitor,Electronics,West,C0106,2,13616,27232
2482,2024-10-02,Laptop,Electronics,North,C0201,4,54564,218256
2483,2024-10-03,Phone,Electronics,West,C0028,3,24168,72504
2484,2024-10-03,Phone,Electronics,West,C0185,2,26159,52318
2485,2024-10-03,Phone,Electronics,South,C0062,1,25833,25833
2486,2024-10-03,Tablet,Electronics,South,C0274,2,17743,35486
2487,2024-10-04,Headphones,Accessories,North,C0136,3,3061,9183
2488,2024-10-04,Tablet,Electronics,West,C0241,1,17234,17234
2489,2024-10-04,Tablet,Electronics,North,C0139,4,17151,68604
2490,2024-10-04,Laptop,Electronics,North,C0008,4,55515,222060
2491,2024-10-04,Laptop,Electronics,North,C0064,3,56249,168747
2492,2024-10-04,Headphones,Accessories,East,C0018,2,3075,6150
2493,2024-10-05,Keyboard,Accessories,East,C0101,2,1570,3140
2494,2024-10-05,Tablet,Electronics,West,C0279,4,18395,73580
2495,2024-10-05,Monitor,Electronics,West,C0040,3,14687,44061
2496,2024-10-05,Laptop,Electronics,West,C0194,4,56675,226700
2497,2024-10-05,Keyboard,Accessories,South,C0062,4,1570,6280
2498,2024-10-06,Laptop,Electronics,East,C0105,1,56917,56917
2499,2024-10-06,Laptop,Electronics,East,C0254,2,53112,106224
2500,2024-10-06,Laptop,Electronics,West,C0208,1,53090,53090
2501,2024-10-06,Laptop,Electronics,East,C0212,2,55173,110346
2502,2024-10-07,Headphones,Accessories,East,C0254,4,2905,11620
2503,2024-10-07,Keyboard,Accessories,East,C0075,1,1485,1485
2504,2024-10-07,Tablet,Electronics,South,C0153,2,18824,37648
2505,2024-10-07,Tablet,Electronics,South,C0114,4,18443,73772
2506,2024-10-07,Phone,Electronics,South,C0046,2,24592,49184
2507,2024-10-08,Keyboard,Accessories,South,C0099,2,1500,3000
2508,2024-10-08,Tablet,Electronics,West,C0142,4,18014,72056
2509,2024-10-08,Headphones,Accessories,South,C0157,4,3042,12168
2510,2024-10-08,Tablet,Electronics,North,C0108,4,18665,74660
2511,2024-10-08,Headphones,Accessories,South,C0167,2,2912,5824
2512,2024-10-08,Laptop,Electronics,East,C0016,2,57096,114192
2513,2024-10-08,Phone,Electronics,West,C0086,4,25510,102040
2514,2024-10-08,Headphones,Accessories,North,C0263,3,2939,8817
2515,2024-10-08,Phone,Electronics,South,C0212,3,24907,74721
2516,2024-10-08,Laptop,Electronics,West,C0226,2,55872,111744
2517,2024-10-08,Headphones,Accessories,North,C0083,3,3113,9339
2518,2024-10-08,Laptop,Electronics,North,C0061,2,57619,115238
2519,2024-10-08,Tablet,Electronics,North,C0096,4,18227,72908
2520,2024-10-08,Phone,Electronics,North,C0228,1,25253,25253
2521,2024-10-09,Laptop,Electronics,North,C0059,1,55135,55135
2522,2024-10-09,Laptop,Electronics,East,C0063,1,57542,57542
2523,2024-10-09,Tablet,Electronics,East,C0006,2,17481,34962
2524,2024-10-09,Tablet,Electronics,West,C0285,2,17881,35762
2525,2024-10-09,Headphones,Accessories,East,C0135,1,2897,2897
2526,2024-10-10,Monitor,Electronics,North,C0119,1,13460,13460
2527,2024-10-10,Laptop,Electronics,South,C0124,4,53001,212004
2528,2024-10-10,Headphones,Accessories,South,C0275,3,2883,8649
2529,2024-10-10,Headphones,Accessories,East,C0153,1,2967,2967
2530,2024-10-10,Monitor,Electronics,South,C0173,1,14496,14496
2531,2024-10-10,Keyboard,Accessories,South,C0252,3,1562,4686
2532,2024-10-10,Keyboard,Accessories,West,C0046,1,1459,1459
2533,2024-10-11,Phone,Electronics,East,C0142,3,25617,76851
2534,2024-10-11,Laptop,Electronics,East,C0214,1,55057,55057
2535,2024-10-11,Monitor,Electronics,North,C0215,2,14334,28668
2536,2024-10-11,Keyboard,Accessories,South,C0257,2,1508,3016
2537,2024-10-11,Tablet,Electronics,North,C0287,3,18425,55275
2538,2024-10-11,Keyboard,Accessories,West,C0183,1,1485,1485
2539,2024-10-11,Keyboard,Accessories,West,C0035,3,1510,4530
2540,2024-10-12,Tablet,Electronics,South,C0140,1,18463,18463
2541,2024-10-12,Monitor,Electronics,West,C0293,1,14329,14329
2542,2024-10-12,Keyboard,Accessories,West,C0198,1,1463,1463
2543,2024-10-13,Phone,Electronics,West,C0255,2,24151,48302
2544,2024-10-13,Laptop,Electronics,North,C0142,2,54681,109362
2545,2024-10-13,Phone,Electronics,South,C0275,3,25216,75648
2546,2024-10-14,Keyboard,Accessories,East,C0236,4,1511,6044
2547,2024-10-14,Laptop,Electronics,North,C0226,1,53237,53237
2548,2024-10-14,Phone,Electronics,North,C0220,3,24924,74772
2549,2024-10-14,Monitor,Electronics,East,C0092,2,13595,27190
2550,2024-10-14,Laptop,Electronics,West,C0014,2,54718,109436
2551,2024-10-14,Monitor,Electronics,North,C0300,1,13779,13779
2552,2024-10-15,Phone,Electronics,South,C0212,2,26231,52462
2553,2024-10-15,Keyboard,Accessories,North,C0052,3,1492,4476
2554,2024-10-15,Tablet,Electronics,North,C0152,1,18157,18157
2555,2024-10-16,Laptop,Electronics,East,C0084,4,56219,224876
2556,2024-10-16,Phone,Electronics,West,C0252,1,24351,24351
2557,2024-10-16,Monitor,Electronics,North,C0115,1,13524,13524
2558,2024-10-16,Tablet,Electronics,West,C0263,3,17360,52080
2559,2024-10-16,Headphones,Accessories,North,C0106,2,2986,5972
2560,2024-10-16,Laptop,Electronics,North,C0132,3,57444,172332
2561,2024-10-16,Monitor,Electronics,East,C0151,4,14105,56420
2562,2024-10-17,Headphones,Accessories,East,C0144,2,2903,5806
2563,2024-10-17,Keyboard,Accessories,South,C0291,1,1426,1426
2564,2024-10-17,Monitor,Electronics,West,C0077,3,14019,42057
2565,2024-10-17,Keyboard,Accessories,East,C0242,2,1490,2980
2566,2024-10-17,Monitor,Electronics,West,C0074,4,13789,55156
2567,2024-10-17,Monitor,Electronics,South,C0119,1,13431,13431
2568,2024-10-17,Headphones,Accessories,North,C0082,4,2884,11536
2569,2024-10-17,Tablet,Electronics,North,C0032,1,18418,18418
2570,2024-10-17,Headphones,Accessories,West,C0033,3,2916,8748
2571,2024-10-17,Phone,Electronics,North,C0077,2,25538,51076
2572,2024-10-17,Tablet,Electronics,East,C0296,1,17301,17301
2573,2024-10-17,Keyboard,Accessories,North,C0256,1,1487,1487
2574,2024-10-17,Monitor,Electronics,North,C0243,3,13674,41022
2575,2024-10-18,Laptop,Electronics,South,C0273,1,52319,52319
2576,2024-10-19,Headphones,Accessories,West,C0238,1,3024,3024
2577,2024-10-19,Tablet,Electronics,South,C0211,4,17320,69280
2578,2024-10-19,Phone,Electronics,West,C0008,3,24715,74145
2579,2024-10-19,Keyboard,Accessories,West,C0102,3,1456,4368
2580,2024-10-19,Keyboard,Accessories,East,C0022,1,1440,1440
2581,2024-10-20,Headphones,Accessories,East,C0114,4,3006,12024
2582,2024-10-20,Laptop,Electronics,East,C0237,3,57523,172569
2583,2024-10-20,Phone,Electronics,South,C0266,3,24581,73743
2584,2024-10-20,Phone,Electronics,North,C0077,4,25874,103496
2585,2024-10-20,Keyboard,Accessories,East,C0144,4,1546,6184
2586,2024-10-21,Laptop,Electronics,North,C0268,4,54646,218584
2587,2024-10-21,Headphones,Accessories,North,C0199,3,2987,8961
2588,2024-10-21,Laptop,Electronics,West,C0248,1,55516,55516
2589,2024-10-21,Headphones,Accessories,North,C0283,1,2956,2956
2590,2024-10-21,Keyboard,Accessories,West,C0143,2,1509,3018
2591,2024-10-21,Headphones,Accessories,South,C0268,1,2868,2868
2592,2024-10-22,Headphones,Accessories,East,C0187,2,2920,5840
2593,2024-10-22,Tablet,Electronics,West,C0138,2,17320,34640
2594,2024-10-22,Monitor,Electronics,South,C0160,2,13534,27068
2595,2024-10-22,Headphones,Accessories,East,C0047,1,2897,2897
2596,2024-10-22,Headphones,Accessories,West,C0190,1,2943,2943
2597,2024-10-23,Phone,Electronics,South,C0011,2,24724,49448
2598,2024-10-23,Phone,Electronics,South,C0174,1,25630,25630
2599,2024-10-23,Headphones,Accessories,West,C0257,4,3013,12052
2600,2024-10-23,Phone,Electronics,West,C0294,3,23996,71988
2601,2024-10-23,Laptop,Electronics,North,C0238,1,55533,55533
2602,2024-10-23,Tablet,Electronics,South,C0109,1,18177,18177
2603,2024-10-23,Phone,Electronics,North,C0029,4,23771,95084
2604,2024-10-23,Tablet,Electronics,North,C0158,1,18200,18200
2605,2024-10-23,Keyboard,Accessories,South,C0006,1,1529,1529
2606,2024-10-24,Monitor,Electronics,North,C0178,2,13362,26724
2607,2024-10-24,Headphones,Accessories,West,C0096,3,3053,9159
2608,2024-10-24,Keyboard,Accessories,East,C0143,2,1550,3100
2609,2024-10-24,Tablet,Electronics,West,C0105,1,17805,17805
2610,2024-10-24,Laptop,Electronics,East,C0294,4,54806,219224
2611,2024-10-24,Laptop,Electronics,East,C0119,4,54368,217472
2612,2024-10-24,Laptop,Electronics,East,C0217,3,54202,162606
2613,2024-10-25,Laptop,Electronics,East,C0216,3,54742,164226
2614,2024-10-25,Keyboard,Accessories,West,C0113,2,1552,3104
2615,2024-10-25,Keyboard,Accessories,South,C0175,3,1532,4596
2616,2024-10-25,Laptop,Electronics,East,C0232,3,55305,165915
2617,2024-10-26,Monitor,Electronics,South,C0232,2,14539,29078
2618,2024-10-26,Keyboard,Accessories,East,C0128,3,1568,4704
2619,2024-10-26,Monitor,Electronics,West,C0086,3,13535,40605
2620,2024-10-26,Laptop,Electronics,South,C0151,3,52832,158496
2621,2024-10-26,Tablet,Electronics,North,C0058,3,18242,54726
2622,2024-10-27,Keyboard,Accessories,East,C0005,3,1509,4527
2623,2024-10-27,Headphones,Accessories,West,C0224,1,3036,3036
2624,2024-10-27,Keyboard,Accessories,South,C0078,1,1518,1518
2625,2024-10-27,Keyboard,Accessories,West,C0049,4,1485,5940
2626,2024-10-27,Phone,Electronics,North,C0296,2,25340,50680
2627,2024-10-28,Laptop,Electronics,South,C0287,2,53360,106720
2628,2024-10-28,Tablet,Electronics,West,C0213,3,17768,53304
2629,2024-10-28,Tablet,Electronics,South,C0102,1,17351,17351
2630,2024-10-28,Keyboard,Accessories,North,C0065,3,1474,4422
2631,2024-10-28,Phone,Electronics,North,C0272,4,24294,97176
2632,2024-10-28,Tablet,Electronics,North,C0159,2,17685,35370
2633,2024-10-28,Phone,Electronics,South,C0014,3,25044,75132
2634,2024-10-29,Monitor,Electronics,North,C0204,3,13760,41280
2635,2024-10-29,Monitor,Electronics,North,C0196,4,13388,53552
2636,2024-10-29,Tablet,Electronics,South,C0282,3,18543,55629
2637,2024-10-29,Keyboard,Accessories,West,C0080,3,1489,4467
2638,2024-10-29,Keyboard,Accessories,East,C0187,2,1519,3038
2639,2024-10-29,Tablet,Electronics,South,C0064,4,17215,68860
2640,2024-10-29,Phone,Electronics,North,C0278,4,24060,96240
2641,2024-10-30,Keyboard,Accessories,East,C0096,4,1529,6116
2642,2024-10-30,Laptop,Electronics,South,C0224,2,56744,113488
2643,2024-10-30,Keyboard,Accessories,West,C0112,3,1573,4719
2644,2024-10-31,Headphones,Accessories,South,C0101,3,3003,9009
2645,2024-10-31,Phone,Electronics,North,C0274,3,24401,73203
2646,2024-10-31,Laptop,Electronics,South,C0073,3,57611,172833
2647,2024-10-31,Tablet,Electronics,East,C0210,2,18133,36266
2648,2024-10-31,Keyboard,Accessories,East,C0272,1,1531,1531
2649,2024-10-31,Monitor,Electronics,East,C0082,4,13395,53580
2650,2024-10-31,Phone,Electronics,East,C0165,3,24985,74955
2651,2024-10-31,Phone,Electronics,East,C0233,4,24707,98828
2652,2024-10-31,Monitor,Electronics,East,C0215,4,14300,57200
2653,2024-10-31,Monitor,Electronics,West,C0291,3,14134,42402
2654,2024-10-31,Tablet,Electronics,North,C0216,2,18238,36476
2655,2024-11-01,Keyboard,Accessories,East,C0029,3,1484,4452
2656,2024-11-01,Monitor,Electronics,East,C0052,4,14053,56212
2657,2024-11-01,Headphones,Accessories,East,C0233,3,3020,9060
2658,2024-11-01,Monitor,Electronics,South,C0286,4,13648,54592
2659,2024-11-01,Phone,Electronics,East,C0247,3,23818,71454
2660,2024-11-01,Monitor,Electronics,North,C0212,1,14400,14400
2661,2024-11-02,Laptop,Electronics,North,C0039,4,52568,210272
2662,2024-11-02,Laptop,Electronics,South,C0156,2,57238,114476
2663,2024-11-02,Keyboard,Accessories,West,C0221,4,1551,6204
2664,2024-11-02,Headphones,Accessories,South,C0223,3,3109,9327
2665,2024-11-02,Tablet,Electronics,East,C0180,3,18723,56169
2666,2024-11-02,Phone,Electronics,East,C0137,3,25975,77925
2667,2024-11-02,Monitor,Electronics,West,C0001,2,13375,26750
2668,2024-11-03,Tablet,Electronics,East,C0291,4,17538,70152
2669,2024-11-03,Headphones,Accessories,South,C0009,3,2858,8574
2670,2024-11-03,Laptop,Electronics,East,C0294,3,57677,173031
2671,2024-11-04,Headphones,Accessories,East,C0001,4,3120,12480
2672,2024-11-04,Headphones,Accessories,North,C0038,2,2913,5826
2673,2024-11-04,Headphones,Accessories,North,C0031,1,3038,3038
2674,2024-11-04,Keyboard,Accessories,East,C0278,1,1558,1558
2675,2024-11-04,Laptop,Electronics,East,C0026,2,53336,106672
2676,2024-11-05,Monitor,Electronics,West,C0111,3,13610,40830
2677,2024-11-05,Monitor,Electronics,South,C0115,1,13475,13475
2678,2024-11-05,Phone,Electronics,West,C0176,4,24101,96404
2679,2024-11-05,Phone,Electronics,South,C0004,4,24176,96704
2680,2024-11-05,Laptop,Electronics,South,C0114,2,52590,105180
2681,2024-11-05,Laptop,Electronics,West,C0285,3,56208,168624
2682,2024-11-06,Keyboard,Accessories,North,C0035,2,1574,3148
2683,2024-11-06,Phone,Electronics,West,C0252,2,25773,51546
2684,2024-11-06,Tablet,Electronics,West,C0190,4,17475,69900
2685,2024-11-06,Keyboard,Accessories,West,C0082,1,1537,1537
2686,2024-11-06,Laptop,Electronics,North,C0144,2,54055,108110
2687,2024-11-06,Keyboard,Accessories,East,C0231,2,1551,3102
2688,2024-11-06,Monitor,Electronics,East,C0144,3,13669,41007
2689,2024-11-07,Monitor,Electronics,South,C0172,4,13659,54636
2690,2024-11-07,Monitor,Electronics,North,C0014,2,13679,27358
2691,2024-11-08,Keyboard,Accessories,West,C0115,3,1559,4677
2692,2024-11-08,Tablet,Electronics,East,C0196,2,17514,35028
2693,2024-11-08,Keyboard,Accessories,South,C0287,2,1426,2852
2694,2024-11-08,Headphones,Accessories,West,C0300,4,2937,11748
2695,2024-11-08,Monitor,Electronics,South,C0256,4,13942,55768
2696,2024-11-08,Tablet,Electronics,South,C0200,2,17911,35822
2697,2024-11-08,Monitor,Electronics,North,C0093,1,13891,13891
2698,2024-11-09,Headphones,Accessories,South,C0230,1,3064,3064
2699,2024-11-09,Tablet,Electronics,North,C0218,3,18634,55902
2700,2024-11-09,Laptop,Electronics,South,C0219,2,56451,112902
2701,2024-11-09,Phone,Electronics,East,C0221,1,25146,25146
2702,2024-11-10,Phone,Electronics,East,C0280,1,25745,25745
2703,2024-11-10,Laptop,Electronics,South,C0060,3,56199,168597
2704,2024-11-10,Tablet,Electronics,East,C0152,1,17139,17139
2705,2024-11-10,Phone,Electronics,East,C0195,1,25589,25589
2706,2024-11-10,Monitor,Electronics,South,C0035,2,13308,26616
2707,2024-11-10,Monitor,Electronics,West,C0098,3,14591,43773
2708,2024-11-10,Tablet,Electronics,South,C0207,2,17886,35772
2709,2024-11-10,Tablet,Electronics,South,C0121,1,17221,17221
2710,2024-11-10,Monitor,Electronics,South,C0049,2,13755,27510
2711,2024-11-11,Tablet,Electronics,West,C0208,4,18369,73476
2712,2024-11-11,Laptop,Electronics,South,C0002,4,54141,216564
2713,2024-11-11,Headphones,Accessories,West,C0121,4,3032,12128
2714,2024-11-11,Headphones,Accessories,East,C0053,4,2862,11448
2715,2024-11-11,Tablet,Electronics,East,C0237,4,18026,72104
2716,2024-11-11,Monitor,Electronics,East,C0245,3,14142,42426
2717,2024-11-11,Monitor,Electronics,North,C0215,4,14267,57068
2718,2024-11-12,Laptop,Electronics,East,C0198,3,52996,158988
2719,2024-11-12,Keyboard,Accessories,North,C0096,1,1429,1429
2720,2024-11-12,Monitor,Electronics,North,C0091,4,14684,58736
2721,2024-11-13,Headphones,Accessories,East,C0254,2,2995,5990
2722,2024-11-13,Monitor,Electronics,East,C0212,2,13706,27412
2723,2024-11-13,Keyboard,Accessories,West,C0297,3,1495,4485
2724,2024-11-13,Laptop,Electronics,West,C0237,4,53333,213332
2725,2024-11-13,Monitor,Electronics,East,C0155,3,14049,42147
2726,2024-11-14,Tablet,Electronics,North,C0249,2,18691,37382
2727,2024-11-14,Monitor,Electronics,East,C0169,4,13331,53324
2728,2024-11-14,Laptop,Electronics,North,C0189,2,54012,108024
2729,2024-11-14,Tablet,Electronics,West,C0259,2,17744,35488
2730,2024-11-14,Headphones,Accessories,West,C0072,4,2856,11424
2731,2024-11-14,Monitor,Electronics,East,C0118,1,14360,14360
2732,2024-11-15,Keyboard,Accessories,North,C0275,1,1565,1565
2733,2024-11-15,Tablet,Electronics,West,C0173,2,17310,34620
2734,2024-11-15,Monitor,Electronics,North,C0081,1,13816,13816
2735,2024-11-15,Laptop,Electronics,West,C0194,3,53044,159132
2736,2024-11-15,Headphones,Accessories,West,C0024,1,3056,3056
2737,2024-11-16,Keyboard,Accessories,West,C0119,1,1444,1444
2738,2024-11-16,Phone,Electronics,South,C0121,1,24450,24450
2739,2024-11-16,Keyboard,Accessories,East,C0052,3,1472,4416
2740,2024-11-16,Monitor,Electronics,West,C0138,1,14659,14659
2741,2024-11-16,Keyboard,Accessories,South,C0012,3,1432,4296
2742,2024-11-16,Tablet,Electronics,South,C0220,4,18774,75096
2743,2024-11-16,Headphones,Accessories,South,C0129,2,3140,6280
2744,2024-11-16,Laptop,Electronics,South,C0064,3,54595,163785
2745,2024-11-17,Keyboard,Accessories,West,C0086,2,1507,3014
2746,2024-11-17,Headphones,Accessories,West,C0095,2,2866,5732
2747,2024-11-17,Keyboard,Accessories,East,C0144,3,1476,4428
2748,2024-11-17,Headphones,Accessories,South,C0012,1,2889,2889
2749,2024-11-17,Headphones,Accessories,North,C0173,3,3136,9408
2750,2024-11-17,Laptop,Electronics,South,C0213,4,54364,217456
2751,2024-11-17,Phone,Electronics,North,C0197,2,24440,48880
2752,2024-11-18,Monitor,Electronics,West,C0278,4,14579,58316
2753,2024-11-18,Tablet,Electronics,South,C0161,4,18613,74452
2754,2024-11-18,Laptop,Electronics,West,C0044,3,55266,165798
2755,2024-11-18,Laptop,Electronics,North,C0128,2,57515,115030
2756,2024-11-18,Tablet,Electronics,South,C0114,3,17741,53223
2757,2024-11-18,Headphones,Accessories,West,C0036,3,2869,8607
2758,2024-11-19,Tablet,Electronics,North,C0005,1,17569,17569
2759,2024-11-19,Laptop,Electronics,North,C0257,4,56311,225244
2760,2024-11-19,Monitor,Electronics,West,C0096,3,13846,41538
2761,2024-11-20,Laptop,Electronics,West,C0177,4,55416,221664
2762,2024-11-20,Headphones,Accessories,North,C0222,2,3079,6158
2763,2024-11-20,Keyboard,Accessories,North,C0198,3,1514,4542
2764,2024-11-20,Tablet,Electronics,West,C0264,1,17471,17471
2765,2024-11-20,Keyboard,Accessories,South,C0032,1,1439,1439
2766,2024-11-20,Headphones,Accessories,North,C0149,3,2935,8805
2767,2024-11-20,Laptop,Electronics,East,C0298,3,53277,159831
2768,2024-11-21,Tablet,Electronics,South,C0108,2,17261,34522
2769,2024-11-21,Laptop,Electronics,North,C0265,2,57290,114580
2770,2024-11-21,Keyboard,Accessories,West,C0047,3,1532,4596
2771,2024-11-21,Keyboard,Accessories,North,C0193,4,1523,6092
2772,2024-11-21,Tablet,Electronics,South,C0147,2,17951,35902
2773,2024-11-21,Headphones,Accessories,North,C0126,2,2944,5888
2774,2024-11-21,Laptop,Electronics,East,C0162,2,57507,115014
2775,2024-11-22,Headphones,Accessories,West,C0002,2,3136,6272
2776,2024-11-22,Keyboard,Accessories,North,C0235,4,1452,5808
2777,2024-11-22,Phone,Electronics,East,C0245,4,24193,96772
2778,2024-11-22,Tablet,Electronics,South,C0117,2,17930,35860
2779,2024-11-22,Tablet,Electronics,East,C0083,2,17964,35928
2780,2024-11-22,Tablet,Electronics,South,C0151,3,18735,56205
2781,2024-11-23,Tablet,Electronics,North,C0285,1,17139,17139
2782,2024-11-23,Tablet,Electronics,West,C0033,1,18472,18472
2783,2024-11-23,Laptop,Electronics,West,C0100,4,56341,225364
2784,2024-11-23,Keyboard,Accessories,East,C0008,2,1524,3048
2785,2024-11-23,Laptop,Electronics,East,C0057,3,56278,168834
2786,2024-11-23,Tablet,Electronics,South,C0221,3,18059,54177
2787,2024-11-24,Tablet,Electronics,East,C0262,1,18022,18022
2788,2024-11-24,Tablet,Electronics,East,C0006,3,17753,53259
2789,2024-11-24,Monitor,Electronics,North,C0139,1,13793,13793
2790,2024-11-24,Monitor,Electronics,North,C0070,1,13565,13565
2791,2024-11-24,Headphones,Accessories,West,C0115,3,3081,9243
2792,2024-11-24,Monitor,Electronics,North,C0027,4,13455,53820
2793,2024-11-24,Phone,Electronics,South,C0101,2,23864,47728
2794,2024-11-25,Phone,Electronics,West,C0092,4,25127,100508
2795,2024-11-25,Tablet,Electronics,East,C0034,2,17198,34396
2796,2024-11-25,Keyboard,Accessories,North,C0202,3,1558,4674
2797,2024-11-25,Keyboard,Accessories,South,C0205,3,1458,4374
2798,2024-11-25,Monitor,Electronics,West,C0097,3,13719,41157
2799,2024-11-25,Headphones,Accessories,West,C0275,4,3118,12472
2800,2024-11-25,Laptop,Electronics,South,C0132,1,52912,52912
2801,2024-11-26,Laptop,Electronics,West,C0108,1,52666,52666
2802,2024-11-26,Laptop,Electronics,North,C0271,3,57647,172941
2803,2024-11-26,Headphones,Accessories,North,C0111,4,2855,11420
2804,2024-11-26,Laptop,Electronics,South,C0049,3,56908,170724
2805,2024-11-26,Monitor,Electronics,West,C0114,4,14076,56304
2806,2024-11-26,Laptop,Electronics,North,C0186,3,57737,173211
2807,2024-11-27,Laptop,Electronics,West,C0154,1,57665,57665
2808,2024-11-27,Tablet,Electronics,East,C0296,1,18715,18715
2809,2024-11-27,Keyboard,Accessories,West,C0097,2,1435,2870
2810,2024-11-27,Keyboard,Accessories,West,C0223,1,1540,1540
2811,2024-11-27,Laptop,Electronics,East,C0121,2,54534,109068
2812,2024-11-27,Monitor,Electronics,West,C0206,3,13711,41133
2813,2024-11-27,Phone,Electronics,East,C0096,3,25861,77583
2814,2024-11-27,Phone,Electronics,East,C0042,3,24016,72048
2815,2024-11-27,Monitor,Electronics,South,C0285,1,13377,13377
2816,2024-11-27,Headphones,Accessories,West,C0252,2,2865,5730
2817,2024-11-28,Keyboard,Accessories,South,C0172,3,1567,4701
2818,2024-11-28,Tablet,Electronics,South,C0275,3,17156,51468
2819,2024-11-28,Laptop,Electronics,South,C0209,3,56126,168378
2820,2024-11-28,Laptop,Electronics,South,C0116,2,52601,105202
2821,2024-11-28,Monitor,Electronics,South,C0246,3,14280,42840
2822,2024-11-29,Phone,Electronics,West,C0233,4,25733,102932
2823,2024-11-29,Phone,Electronics,North,C0127,4,25128,100512
2824,2024-11-29,Phone,Electronics,West,C0281,3,25385,76155
2825,2024-11-30,Keyboard,Accessories,West,C0141,2,1485,2970
2826,2024-11-30,Laptop,Electronics,East,C0290,3,53710,161130
2827,2024-11-30,Phone,Electronics,West,C0300,2,26182,52364
2828,2024-11-30,Headphones,Accessories,East,C0256,3,2986,8958
2829,2024-11-30,Keyboard,Accessories,North,C0150,3,1550,4650
2830,2024-11-30,Tablet,Electronics,East,C0111,2,17773,35546
2831,2024-11-30,Laptop,Electronics,North,C0123,3,54581,163743
2832,2024-12-01,Phone,Electronics,East,C0159,1,24150,24150
2833,2024-12-01,Monitor,Electronics,East,C0129,1,14199,14199
2834,2024-12-01,Keyboard,Accessories,East,C0139,3,1452,4356
2835,2024-12-01,Headphones,Accessories,South,C0131,1,3050,3050
2836,2024-12-01,Tablet,Electronics,West,C0071,2,17867,35734
2837,2024-12-02,Tablet,Electronics,North,C0018,2,18654,37308
2838,2024-12-02,Headphones,Accessories,South,C0118,4,3107,12428
2839,2024-12-02,Monitor,Electronics,North,C0181,4,13672,54688
2840,2024-12-02,Tablet,Electronics,North,C0132,4,18279,73116
2841,2024-12-02,Laptop,Electronics,South,C0247,1,53575,53575
2842,2024-12-03,Keyboard,Accessories,South,C0274,3,1547,4641
2843,2024-12-03,Phone,Electronics,West,C0163,1,25207,25207
2844,2024-12-03,Monitor,Electronics,East,C0244,3,13703,41109
2845,2024-12-03,Tablet,Electronics,West,C0271,1,17581,17581
2846,2024-12-03,Headphones,Accessories,West,C0273,1,2977,2977
2847,2024-12-04,Phone,Electronics,South,C0106,4,25164,100656
2848,2024-12-05,Monitor,Electronics,East,C0294,2,13828,27656
2849,2024-12-05,Monitor,Electronics,East,C0028,1,13373,13373
2850,2024-12-05,Keyboard,Accessories,North,C0206,2,1568,3136
2851,2024-12-05,Monitor,Electronics,South,C0263,2,13581,27162
2852,2024-12-06,Phone,Electronics,South,C0208,2,26163,52326
2853,2024-12-06,Monitor,Electronics,West,C0072,4,14057,56228
2854,2024-12-06,Tablet,Electronics,East,C0054,4,18001,72004
2855,2024-12-06,Keyboard,Accessories,South,C0221,1,1520,1520
2856,2024-12-06,Laptop,Electronics,North,C0114,1,57068,57068
2857,2024-12-07,Keyboard,Accessories,East,C0102,3,1542,4626
2858,2024-12-07,Phone,Electronics,West,C0040,4,23827,95308
2859,2024-12-07,Monitor,Electronics,East,C0076,3,14282,42846
2860,2024-12-07,Keyboard,Accessories,East,C0167,1,1473,1473
2861,2024-12-07,Tablet,Electronics,East,C0137,3,18851,56553
2862,2024-12-08,Tablet,Electronics,West,C0291,1,17434,17434
2863,2024-12-08,Tablet,Electronics,East,C0208,2,17262,34524
2864,2024-12-08,Tablet,Electronics,East,C0079,2,17708,35416
2865,2024-12-08,Phone,Electronics,East,C0099,2,25603,51206
2866,2024-12-08,Monitor,Electronics,West,C0021,3,13676,41028
2867,2024-12-08,Tablet,Electronics,East,C0083,1,17293,17293
2868,2024-12-08,Laptop,Electronics,East,C0065,2,53825,107650
2869,2024-12-09,Phone,Electronics,North,C0223,1,25854,25854
2870,2024-12-09,Keyboard,Accessories,East,C0039,3,1431,4293
2871,2024-12-09,Monitor,Electronics,South,C0140,3,14345,43035
2872,2024-12-09,Phone,Electronics,North,C0177,4,24211,96844
2873,2024-12-09,Keyboard,Accessories,East,C0013,4,1430,5720
2874,2024-12-09,Monitor,Electronics,South,C0163,2,13417,26834
2875,2024-12-09,Monitor,Electronics,North,C0234,1,14208,14208
2876,2024-12-10,Keyboard,Accessories,East,C0108,3,1434,4302
2877,2024-12-10,Keyboard,Accessories,South,C0212,2,1458,2916
2878,2024-12-10,Tablet,Electronics,East,C0274,2,18064,36128
2879,2024-12-10,Tablet,Electronics,North,C0116,4,17369,69476
2880,2024-12-11,Keyboard,Accessories,East,C0199,2,1567,3134
2881,2024-12-11,Headphones,Accessories,West,C0186,2,2906,5812
2882,2024-12-11,Monitor,Electronics,West,C0109,1,14013,14013
2883,2024-12-11,Monitor,Electronics,West,C0124,3,13497,40491
2884,2024-12-11,Tablet,Electronics,West,C0295,4,18721,74884
2885,2024-12-12,Monitor,Electronics,East,C0059,1,14484,14484
2886,2024-12-12,Phone,Electronics,North,C0002,1,24851,24851
2887,2024-12-12,Phone,Electronics,East,C0168,1,24490,24490
2888,2024-12-12,Keyboard,Accessories,North,C0187,2,1451,2902
2889,2024-12-12,Laptop,Electronics,South,C0069,4,53431,213724
2890,2024-12-12,Laptop,Electronics,North,C0051,4,55676,222704
2891,2024-12-13,Tablet,Electronics,West,C0185,3,18280,54840
2892,2024-12-13,Phone,Electronics,West,C0252,3,23896,71688
2893,2024-12-13,Keyboard,Accessories,East,C0077,2,1479,2958
2894,2024-12-13,Tablet,Electronics,North,C0043,3,18794,56382
2895,2024-12-13,Phone,Electronics,South,C0214,4,25478,101912
2896,2024-12-13,Tablet,Electronics,North,C0154,3,18565,55695
2897,2024-12-13,Headphones,Accessories,West,C0013,2,2876,5752
2898,2024-12-14,Phone,Electronics,West,C0252,4,25999,103996
2899,2024-12-14,Headphones,Accessories,West,C0134,2,3121,6242
2900,2024-12-14,Keyboard,Accessories,South,C0279,2,1559,3118
2901,2024-12-15,Tablet,Electronics,West,C0102,1,17200,17200
2902,2024-12-15,Tablet,Electronics,North,C0070,1,17962,17962
2903,2024-12-15,Headphones,Accessories,West,C0270,1,3018,3018
2904,2024-12-15,Monitor,Electronics,South,C0233,4,13336,53344
2905,2024-12-15,Laptop,Electronics,East,C0245,1,55250,55250
2906,2024-12-15,Tablet,Electronics,West,C0290,2,18158,36316
2907,2024-12-15,Headphones,Accessories,East,C0109,1,3053,3053
2908,2024-12-15,Phone,Electronics,North,C0230,3,24352,73056
2909,2024-12-15,Phone,Electronics,East,C0188,3,24578,73734
2910,2024-12-16,Keyboard,Accessories,South,C0289,2,1534,3068
2911,2024-12-16,Monitor,Electronics,East,C0110,3,14128,42384
2912,2024-12-16,Laptop,Electronics,East,C0001,2,54006,108012
2913,2024-12-16,Keyboard,Accessories,West,C0148,1,1489,1489
2914,2024-12-16,Monitor,Electronics,North,C0052,3,14472,43416
2915,2024-12-17,Tablet,Electronics,West,C0211,4,18736,74944
2916,2024-12-17,Keyboard,Accessories,West,C0174,1,1513,1513
2917,2024-12-17,Tablet,Electronics,South,C0265,3,18377,55131
2918,2024-12-17,Laptop,Electronics,East,C0164,1,53532,53532
2919,2024-12-17,Headphones,Accessories,West,C0047,2,3132,6264
2920,2024-12-17,Laptop,Electronics,North,C0038,4,54521,218084
2921,2024-12-17,Phone,Electronics,West,C0161,1,24811,24811
2922,2024-12-17,Monitor,Electronics,North,C0296,4,13929,55716
2923,2024-12-17,Laptop,Electronics,South,C0073,4,52299,209196
2924,2024-12-18,Headphones,Accessories,West,C0052,1,3132,3132
2925,2024-12-18,Headphones,Accessories,South,C0102,1,2881,2881
2926,2024-12-18,Keyboard,Accessories,North,C0298,4,1465,5860
2927,2024-12-18,Tablet,Electronics,North,C0024,2,18646,37292
2928,2024-12-18,Monitor,Electronics,East,C0280,1,13933,13933
2929,2024-12-18,Keyboard,Accessories,North,C0225,2,1452,2904
2930,2024-12-19,Monitor,Electronics,West,C0181,2,14141,28282
2931,2024-12-19,Headphones,Accessories,South,C0284,4,2928,11712
2932,2024-12-19,Laptop,Electronics,East,C0282,3,52948,158844
2933,2024-12-20,Monitor,Electronics,West,C0126,2,13799,27598
2934,2024-12-20,Keyboard,Accessories,East,C0133,4,1516,6064
2935,2024-12-20,Monitor,Electronics,East,C0241,1,14564,14564
2936,2024-12-20,Phone,Electronics,West,C0126,1,24396,24396
2937,2024-12-20,Phone,Electronics,East,C0231,2,23860,47720
2938,2024-12-20,Phone,Electronics,South,C0078,2,24456,48912
2939,2024-12-20,Tablet,Electronics,South,C0182,4,17708,70832
2940,2024-12-21,Headphones,Accessories,East,C0173,3,3006,9018
2941,2024-12-21,Headphones,Accessories,West,C0293,2,3037,6074
2942,2024-12-21,Phone,Electronics,West,C0073,4,24287,97148
2943,2024-12-21,Phone,Electronics,South,C0166,3,24729,74187
2944,2024-12-22,Laptop,Electronics,South,C0208,3,57556,172668
2945,2024-12-22,Phone,Electronics,East,C0023,1,25099,25099
2946,2024-12-22,Monitor,Electronics,West,C0172,1,14176,14176
2947,2024-12-22,Keyboard,Accessories,East,C0077,4,1484,5936
2948,2024-12-22,Monitor,Electronics,West,C0011,1,14013,14013
2949,2024-12-22,Headphones,Accessories,South,C0113,4,3129,12516
2950,2024-12-23,Keyboard,Accessories,North,C0061,4,1492,5968
2951,2024-12-23,Phone,Electronics,North,C0078,4,26202,104808
2952,2024-12-23,Keyboard,Accessories,East,C0112,4,1470,5880
2953,2024-12-23,Keyboard,Accessories,South,C0192,4,1475,5900
2954,2024-12-23,Phone,Electronics,West,C0292,1,24822,24822
2955,2024-12-23,Keyboard,Accessories,East,C0072,1,1516,1516
2956,2024-12-23,Laptop,Electronics,North,C0173,1,56936,56936
2957,2024-12-23,Laptop,Electronics,South,C0094,4,56716,226864
2958,2024-12-23,Monitor,Electronics,West,C0277,1,13759,13759
2959,2024-12-24,Tablet,Electronics,East,C0063,3,17516,52548
2960,2024-12-24,Headphones,Accessories,West,C0269,4,3032,12128
2961,2024-12-24,Laptop,Electronics,North,C0157,2,57340,114680
2962,2024-12-24,Headphones,Accessories,East,C0018,4,2962,11848
2963,2024-12-25,Tablet,Electronics,South,C0119,3,17194,51582
2964,2024-12-25,Laptop,Electronics,North,C0251,3,56268,168804
2965,2024-12-25,Laptop,Electronics,East,C0231,3,53353,160059
2966,2024-12-25,Headphones,Accessories,North,C0171,1,3078,3078
2967,2024-12-25,Headphones,Accessories,South,C0249,4,2875,11500
2968,2024-12-25,Tablet,Electronics,West,C0290,3,18299,54897
2969,2024-12-26,Phone,Electronics,West,C0081,4,25565,102260
2970,2024-12-26,Headphones,Accessories,South,C0225,4,2977,11908
2971,2024-12-26,Keyboard,Accessories,West,C0142,3,1473,4419
2972,2024-12-26,Laptop,Electronics,East,C0152,1,54413,54413
2973,2024-12-26,Headphones,Accessories,North,C0121,1,2900,2900
2974,2024-12-27,Tablet,Electronics,East,C0203,4,17847,71388
2975,2024-12-27,Laptop,Electronics,South,C0104,1,52263,52263
2976,2024-12-27,Monitor,Electronics,East,C0066,4,13850,55400
2977,2024-12-27,Headphones,Accessories,South,C0036,4,3076,12304
2978,2024-12-27,Tablet,Electronics,East,C0112,3,18301,54903
2979,2024-12-27,Laptop,Electronics,West,C0095,2,57171,114342
2980,2024-12-28,Headphones,Accessories,East,C0262,1,3126,3126
2981,2024-12-28,Keyboard,Accessories,South,C0011,4,1489,5956
2982,2024-12-29,Headphones,Accessories,West,C0058,2,2993,5986
2983,2024-12-29,Laptop,Electronics,East,C0176,3,52692,158076
2984,2024-12-29,Phone,Electronics,North,C0249,2,25462,50924
2985,2024-12-29,Tablet,Electronics,North,C0221,2,17820,35640
2986,2024-12-29,Tablet,Electronics,North,C0202,2,18120,36240
2987,2024-12-29,Monitor,Electronics,South,C0154,1,14465,14465
2988,2024-12-30,Laptop,Electronics,North,C0265,2,57222,114444
2989,2024-12-30,Keyboard,Accessories,West,C0158,3,1455,4365
2990,2024-12-31,Keyboard,Accessories,West,C0112,2,1498,2996
2991,2024-12-31,Tablet,Electronics,East,C0036,4,18867,75468
2992,2024-12-31,Phone,Electronics,West,C0036,2,24586,49172
2993,2024-12-31,Phone,Electronics,South,C0062,2,25122,50244
2994,2024-12-31,Monitor,Electronics,South,C0173,3,14190,42570
